entityID,entityType,dayType<TextUnrestricted>,sourceRef<TextUnrestricted>,location<geo:json>,returnStops<Number>,trend<TextUnrestricted>,forwardStops<Number>,intensity<Number>,returntrips<Number>,forwardtrips<Number>,zoneList<Json>,name<TextUnrestricted>,sceneRef<TextUnrestricted>,TimeInstant<DateTime>
14,RouteIntensity,Sabado,14,,,,,2000.90243902439,,,"['19', '1', '2', '10']",,N/A,2024-05-21 00:00:00+00:00
14,RouteIntensity,Sabado,14,,,,,1891.79392624729,,,"['19', '1', '2', '10']",,N/A,2024-05-21 00:00:00+00:00
14,RouteIntensity,Viernes,14,,,,,3194.21132897604,,,"['19', '1', '2', '10']",,N/A,2024-05-21 00:00:00+00:00
14,RouteIntensity,Viernes,14,,,,,3157.09523809524,,,"['19', '1', '2', '10']",,N/A,2024-05-21 00:00:00+00:00
16,RouteIntensity,Domingo,16,,175.0,,125.0,3309.825,66.0,65.0,"['1', '5', '6', '15', '17']",,N/A,2024-05-21 00:00:00+00:00
16,RouteIntensity,Domingo,16,,175.0,,125.0,2356.66958424508,66.0,65.0,"['1', '5', '6', '15', '17']",,N/A,2024-05-21 00:00:00+00:00
16,RouteIntensity,Laborable,16,,325.0,,225.0,5804.82080924855,98.0,99.0,"['1', '5', '6', '15', '17']",,N/A,2024-05-21 00:00:00+00:00
16,RouteIntensity,Laborable,16,,325.0,,225.0,5375.95196977874,98.0,99.0,"['1', '5', '6', '15', '17']",,N/A,2024-05-21 00:00:00+00:00
16,RouteIntensity,Sabado,16,,,,,3408.2683982684,,,"['1', '5', '6', '15', '17']",,N/A,2024-05-21 00:00:00+00:00
16,RouteIntensity,Sabado,16,,,,,4382.58536585366,,,"['1', '5', '6', '15', '17']",,N/A,2024-05-21 00:00:00+00:00
16,RouteIntensity,Viernes,16,,,,,5169.85869565217,,,"['1', '5', '6', '15', '17']",,N/A,2024-05-21 00:00:00+00:00
16,RouteIntensity,Viernes,16,,,,,5541.38095238095,,,"['1', '5', '6', '15', '17']",,N/A,2024-05-21 00:00:00+00:00
18,RouteIntensity,Domingo,18,,,,,542.7,,,"['9', '10', '12', '13']",,N/A,2024-05-21 00:00:00+00:00
18,RouteIntensity,Domingo,18,,,,,682.714285714286,,,"['9', '10', '12', '13']",,N/A,2024-05-21 00:00:00+00:00
18,RouteIntensity,Laborable,18,,96.0,,72.0,4121.29479768786,63.0,62.0,"['9', '10', '12', '13']",,N/A,2024-05-21 00:00:00+00:00
18,RouteIntensity,Laborable,18,,96.0,,72.0,3924.17970858068,63.0,62.0,"['9', '10', '12', '13']",,N/A,2024-05-21 00:00:00+00:00
18,RouteIntensity,Sabado,18,,,,,1119.74509803922,,,"['9', '10', '12', '13']",,N/A,2024-05-21 00:00:00+00:00
18,RouteIntensity,Sabado,18,,,,,972.439024390244,,,"['9', '10', '12', '13']",,N/A,2024-05-21 00:00:00+00:00
18,RouteIntensity,Viernes,18,,,,,3382.83720930233,,,"['9', '10', '12', '13']",,N/A,2024-05-21 00:00:00+00:00
18,RouteIntensity,Viernes,18,,,,,3539.88671023965,,,"['9', '10', '12', '13']",,N/A,2024-05-21 00:00:00+00:00
19,RouteIntensity,Domingo,19,,252.0,,286.0,4708.09628008753,74.0,70.0,"['1', '2', '11', '12']",,N/A,2024-05-21 00:00:00+00:00
19,RouteIntensity,Domingo,19,,252.0,,286.0,5390.975,74.0,70.0,"['1', '2', '11', '12']",,N/A,2024-05-21 00:00:00+00:00
19,RouteIntensity,Laborable,19,,448.0,,338.0,8066.13294797688,98.0,99.0,"['1', '2', '11', '12']",,N/A,2024-05-21 00:00:00+00:00
19,RouteIntensity,Laborable,19,,448.0,,338.0,8279.36771058315,98.0,99.0,"['1', '2', '11', '12']",,N/A,2024-05-21 00:00:00+00:00
19,RouteIntensity,Sabado,19,,,,,7112.65853658537,,,"['1', '2', '11', '12']",,N/A,2024-05-21 00:00:00+00:00
19,RouteIntensity,Sabado,19,,,,,6428.05844155844,,,"['1', '2', '11', '12']",,N/A,2024-05-21 00:00:00+00:00
19,RouteIntensity,Viernes,19,,,,,8222.59956236324,,,"['1', '2', '11', '12']",,N/A,2024-05-21 00:00:00+00:00
19,RouteIntensity,Viernes,19,,,,,8082.41860465116,,,"['1', '2', '11', '12']",,N/A,2024-05-21 00:00:00+00:00
27,RouteIntensity,Domingo,27,,153.0,,180.0,2975.18640350877,69.0,70.0,"['19', '1', '3', '9']",,N/A,2024-05-21 00:00:00+00:00
27,RouteIntensity,Domingo,27,,153.0,,180.0,4332.35,69.0,70.0,"['19', '1', '3', '9']",,N/A,2024-05-21 00:00:00+00:00
27,RouteIntensity,Laborable,27,,289.0,,126.0,7469.86046511628,122.0,129.0,"['19', '1', '3', '9']",,N/A,2024-05-21 00:00:00+00:00
27,RouteIntensity,Laborable,27,,289.0,,126.0,6684.82704741379,122.0,129.0,"['19', '1', '3', '9']",,N/A,2024-05-21 00:00:00+00:00
27,RouteIntensity,Sabado,27,,,,,5616.36585365854,,,"['19', '1', '3', '9']",,N/A,2024-05-21 00:00:00+00:00
27,RouteIntensity,Sabado,27,,,,,4166.65217391304,,,"['19', '1', '3', '9']",,N/A,2024-05-21 00:00:00+00:00
27,RouteIntensity,Viernes,27,,,,,7358.81395348837,,,"['19', '1', '3', '9']",,N/A,2024-05-21 00:00:00+00:00
27,RouteIntensity,Viernes,27,,,,,6431.67903930131,,,"['19', '1', '3', '9']",,N/A,2024-05-21 00:00:00+00:00
28,RouteIntensity,Domingo,28,,126.0,,96.0,2796.66299559471,67.0,68.0,"['16', '1', '4', '5']",,N/A,2024-05-21 00:00:00+00:00
28,RouteIntensity,Domingo,28,,126.0,,96.0,3445.225,67.0,68.0,"['16', '1', '4', '5']",,N/A,2024-05-21 00:00:00+00:00
28,RouteIntensity,Laborable,28,,252.0,,128.0,6361.5523255814,115.0,115.0,"['16', '1', '4', '5']",,N/A,2024-05-21 00:00:00+00:00
28,RouteIntensity,Laborable,28,,252.0,,128.0,6174.27556512379,115.0,115.0,"['16', '1', '4', '5']",,N/A,2024-05-21 00:00:00+00:00
28,RouteIntensity,Sabado,28,,,,,4032.91086956522,,,"['16', '1', '4', '5']",,N/A,2024-05-21 00:00:00+00:00
28,RouteIntensity,Sabado,28,,,,,4511.68292682927,,,"['16', '1', '4', '5']",,N/A,2024-05-21 00:00:00+00:00
28,RouteIntensity,Viernes,28,,,,,5891.96296296296,,,"['16', '1', '4', '5']",,N/A,2024-05-21 00:00:00+00:00
28,RouteIntensity,Viernes,28,,,,,5977.27906976744,,,"['16', '1', '4', '5']",,N/A,2024-05-21 00:00:00+00:00
31,RouteIntensity,Domingo,31,,70.0,,68.0,2086.98237885463,51.0,49.0,"['1', '3', '6', '11', '13']",,N/A,2024-05-21 00:00:00+00:00
31,RouteIntensity,Domingo,31,,70.0,,68.0,2385.575,51.0,49.0,"['1', '3', '6', '11', '13']",,N/A,2024-05-21 00:00:00+00:00
31,RouteIntensity,Laborable,31,,420.0,,68.0,4400.60721982759,80.0,82.0,"['1', '3', '6', '11', '13']",,N/A,2024-05-21 00:00:00+00:00
31,RouteIntensity,Laborable,31,,420.0,,68.0,4481.51461988304,80.0,82.0,"['1', '3', '6', '11', '13']",,N/A,2024-05-21 00:00:00+00:00
31,RouteIntensity,Sabado,31,,,,,2887.12195121951,,,"['1', '3', '6', '11', '13']",,N/A,2024-05-21 00:00:00+00:00
31,RouteIntensity,Sabado,31,,,,,2559.06986899563,,,"['1', '3', '6', '11', '13']",,N/A,2024-05-21 00:00:00+00:00
31,RouteIntensity,Viernes,31,,,,,4103.57826086957,,,"['1', '3', '6', '11', '13']",,N/A,2024-05-21 00:00:00+00:00
31,RouteIntensity,Viernes,31,,,,,4217.46511627907,,,"['1', '3', '6', '11', '13']",,N/A,2024-05-21 00:00:00+00:00
35,RouteIntensity,Domingo,35,,34.0,,36.0,2704.44759825327,55.0,56.0,"['1', '2', '10', '12']",,N/A,2024-05-21 00:00:00+00:00
35,RouteIntensity,Domingo,35,,34.0,,36.0,2917.55,55.0,56.0,"['1', '2', '10', '12']",,N/A,2024-05-21 00:00:00+00:00
35,RouteIntensity,Laborable,35,,119.0,,72.0,4869.13953488372,82.0,81.0,"['1', '2', '10', '12']",,N/A,2024-05-21 00:00:00+00:00
35,RouteIntensity,Laborable,35,,119.0,,72.0,5096.09821910416,82.0,81.0,"['1', '2', '10', '12']",,N/A,2024-05-21 00:00:00+00:00
35,RouteIntensity,Sabado,35,,,,,3921.568329718,,,"['1', '2', '10', '12']",,N/A,2024-05-21 00:00:00+00:00
35,RouteIntensity,Sabado,35,,,,,4104.58536585366,,,"['1', '2', '10', '12']",,N/A,2024-05-21 00:00:00+00:00
35,RouteIntensity,Viernes,35,,,,,4985.66375545851,,,"['1', '2', '10', '12']",,N/A,2024-05-21 00:00:00+00:00
35,RouteIntensity,Viernes,35,,,,,4752.0,,,"['1', '2', '10', '12']",,N/A,2024-05-21 00:00:00+00:00
4,RouteIntensity,Domingo,4,,161.0,,125.0,3389.65,60.0,60.0,"['1', '2', '6', '10', '11', '12']",,N/A,2024-05-21 00:00:00+00:00
4,RouteIntensity,Domingo,4,,161.0,,125.0,2899.26535087719,60.0,60.0,"['1', '2', '6', '10', '11', '12']",,N/A,2024-05-21 00:00:00+00:00
4,RouteIntensity,Laborable,4,,345.0,,175.0,6441.15911542611,93.0,93.0,"['1', '2', '6', '10', '11', '12']",,N/A,2024-05-21 00:00:00+00:00
4,RouteIntensity,Laborable,4,,345.0,,175.0,6653.23121387283,93.0,93.0,"['1', '2', '6', '10', '11', '12']",,N/A,2024-05-21 00:00:00+00:00
4,RouteIntensity,Sabado,4,,,,,4071.59611231102,,,"['1', '2', '6', '10', '11', '12']",,N/A,2024-05-21 00:00:00+00:00
4,RouteIntensity,Sabado,4,,,,,4435.36585365854,,,"['1', '2', '6', '10', '11', '12']",,N/A,2024-05-21 00:00:00+00:00
4,RouteIntensity,Viernes,4,,,,,6268.11627906977,,,"['1', '2', '6', '10', '11', '12']",,N/A,2024-05-21 00:00:00+00:00
4,RouteIntensity,Viernes,4,,,,,6178.26419213974,,,"['1', '2', '6', '10', '11', '12']",,N/A,2024-05-21 00:00:00+00:00
40,RouteIntensity,Domingo,40,,38.0,,38.0,1397.375,45.0,44.0,"['1', '2', '10', '12', '13']",,N/A,2024-05-21 00:00:00+00:00
40,RouteIntensity,Domingo,40,,38.0,,38.0,900.767032967033,45.0,44.0,"['1', '2', '10', '12', '13']",,N/A,2024-05-21 00:00:00+00:00
40,RouteIntensity,Laborable,40,,171.0,,38.0,3826.19075144509,62.0,66.0,"['1', '2', '10', '12', '13']",,N/A,2024-05-21 00:00:00+00:00
40,RouteIntensity,Laborable,40,,171.0,,38.0,3423.17985998923,62.0,66.0,"['1', '2', '10', '12', '13']",,N/A,2024-05-21 00:00:00+00:00
40,RouteIntensity,Sabado,40,,,,,1404.40043763676,,,"['1', '2', '10', '12', '13']",,N/A,2024-05-21 00:00:00+00:00
40,RouteIntensity,Sabado,40,,,,,2028.51219512195,,,"['1', '2', '10', '12', '13']",,N/A,2024-05-21 00:00:00+00:00
40,RouteIntensity,Viernes,40,,,,,3491.46511627907,,,"['1', '2', '10', '12', '13']",,N/A,2024-05-21 00:00:00+00:00
40,RouteIntensity,Viernes,40,,,,,3102.5807860262,,,"['1', '2', '10', '12', '13']",,N/A,2024-05-21 00:00:00+00:00
5,RouteIntensity,Domingo,5,,,,,24.0,,,['1'],,N/A,2024-05-21 00:00:00+00:00
5,RouteIntensity,Domingo,5,,,,,156.25,,,['1'],,N/A,2024-05-21 00:00:00+00:00
5,RouteIntensity,Laborable,5,,,,,1860.33333333333,,,['1'],,N/A,2024-05-21 00:00:00+00:00
5,RouteIntensity,Laborable,5,,,,,119.294117647059,,,['1'],,N/A,2024-05-21 00:00:00+00:00
5,RouteIntensity,Sabado,5,,,,,51.4,,,['1'],,N/A,2024-05-21 00:00:00+00:00
5,RouteIntensity,Sabado,5,,,,,512.75,,,['1'],,N/A,2024-05-21 00:00:00+00:00
5,RouteIntensity,Viernes,5,,,,,64.5,,,['1'],,N/A,2024-05-21 00:00:00+00:00
5,RouteIntensity,Viernes,5,,,,,1353.75,,,['1'],,N/A,2024-05-21 00:00:00+00:00
6,RouteIntensity,Domingo,6,,60.0,,96.0,3039.32087912088,45.0,46.0,"['1', '2', '5', '10', '15']",,N/A,2024-05-21 00:00:00+00:00
6,RouteIntensity,Domingo,6,,60.0,,96.0,3190.025,45.0,46.0,"['1', '2', '5', '10', '15']",,N/A,2024-05-21 00:00:00+00:00
6,RouteIntensity,Laborable,6,,150.0,,352.0,7877.18746623447,94.0,90.0,"['1', '2', '5', '10', '15']",,N/A,2024-05-21 00:00:00+00:00
6,RouteIntensity,Laborable,6,,150.0,,352.0,7589.22222222222,94.0,90.0,"['1', '2', '5', '10', '15']",,N/A,2024-05-21 00:00:00+00:00
6,RouteIntensity,Sabado,6,,,,,4353.19512195122,,,"['1', '2', '5', '10', '15']",,N/A,2024-05-21 00:00:00+00:00
6,RouteIntensity,Sabado,6,,,,,4477.45553145336,,,"['1', '2', '5', '10', '15']",,N/A,2024-05-21 00:00:00+00:00
6,RouteIntensity,Viernes,6,,,,,7003.02325581395,,,"['1', '2', '5', '10', '15']",,N/A,2024-05-21 00:00:00+00:00
6,RouteIntensity,Viernes,6,,,,,7435.96506550218,,,"['1', '2', '5', '10', '15']",,N/A,2024-05-21 00:00:00+00:00
60,RouteIntensity,Domingo,60,,88.0,,90.0,2838.05921052632,62.0,59.0,"['1', '3', '4', '5', '15']",,N/A,2024-05-21 00:00:00+00:00
60,RouteIntensity,Domingo,60,,88.0,,90.0,4065.575,62.0,59.0,"['1', '3', '4', '5', '15']",,N/A,2024-05-21 00:00:00+00:00
60,RouteIntensity,Laborable,60,,198.0,,162.0,6214.57225433526,95.0,93.0,"['1', '3', '4', '5', '15']",,N/A,2024-05-21 00:00:00+00:00
60,RouteIntensity,Laborable,60,,198.0,,162.0,5683.36530172414,95.0,93.0,"['1', '3', '4', '5', '15']",,N/A,2024-05-21 00:00:00+00:00
60,RouteIntensity,Sabado,60,,,,,4368.06724511931,,,"['1', '3', '4', '5', '15']",,N/A,2024-05-21 00:00:00+00:00
60,RouteIntensity,Sabado,60,,,,,5558.31707317073,,,"['1', '3', '4', '5', '15']",,N/A,2024-05-21 00:00:00+00:00
60,RouteIntensity,Viernes,60,,,,,6266.76744186046,,,"['1', '3', '4', '5', '15']",,N/A,2024-05-21 00:00:00+00:00
60,RouteIntensity,Viernes,60,,,,,5601.52850877193,,,"['1', '3', '4', '5', '15']",,N/A,2024-05-21 00:00:00+00:00
62,RouteIntensity,Domingo,62,,189.0,,112.0,2983.4,54.0,54.0,"['1', '3', '4', '16', '18']",,N/A,2024-05-21 00:00:00+00:00
62,RouteIntensity,Domingo,62,,189.0,,112.0,2106.18061674009,54.0,54.0,"['1', '3', '4', '16', '18']",,N/A,2024-05-21 00:00:00+00:00
62,RouteIntensity,Laborable,62,,162.0,,224.0,5059.42196531792,82.0,83.0,"['1', '3', '4', '16', '18']",,N/A,2024-05-21 00:00:00+00:00
62,RouteIntensity,Laborable,62,,162.0,,224.0,4714.74554294976,82.0,83.0,"['1', '3', '4', '16', '18']",,N/A,2024-05-21 00:00:00+00:00
62,RouteIntensity,Sabado,62,,,,,3377.29347826087,,,"['1', '3', '4', '16', '18']",,N/A,2024-05-21 00:00:00+00:00
62,RouteIntensity,Sabado,62,,,,,4242.21951219512,,,"['1', '3', '4', '16', '18']",,N/A,2024-05-21 00:00:00+00:00
62,RouteIntensity,Viernes,62,,,,,5106.58139534884,,,"['1', '3', '4', '16', '18']",,N/A,2024-05-21 00:00:00+00:00
62,RouteIntensity,Viernes,62,,,,,4635.4451754386,,,"['1', '3', '4', '16', '18']",,N/A,2024-05-21 00:00:00+00:00
64,RouteIntensity,Domingo,64,,248.0,,377.0,3405.025,59.0,55.0,"['3', '4', '9', '10', '16']",,N/A,2024-05-21 00:00:00+00:00
64,RouteIntensity,Domingo,64,,248.0,,377.0,2627.82857142857,59.0,55.0,"['3', '4', '9', '10', '16']",,N/A,2024-05-21 00:00:00+00:00
64,RouteIntensity,Laborable,64,,558.0,,319.0,8075.32558139535,98.0,95.0,"['3', '4', '9', '10', '16']",,N/A,2024-05-21 00:00:00+00:00
64,RouteIntensity,Laborable,64,,558.0,,319.0,7590.36114101184,98.0,95.0,"['3', '4', '9', '10', '16']",,N/A,2024-05-21 00:00:00+00:00
64,RouteIntensity,Sabado,64,,,,,5118.41463414634,,,"['3', '4', '9', '10', '16']",,N/A,2024-05-21 00:00:00+00:00
64,RouteIntensity,Sabado,64,,,,,4234.84565217391,,,"['3', '4', '9', '10', '16']",,N/A,2024-05-21 00:00:00+00:00
64,RouteIntensity,Viernes,64,,,,,7141.80786026201,,,"['3', '4', '9', '10', '16']",,N/A,2024-05-21 00:00:00+00:00
64,RouteIntensity,Viernes,64,,,,,7725.04651162791,,,"['3', '4', '9', '10', '16']",,N/A,2024-05-21 00:00:00+00:00
67,RouteIntensity,Domingo,67,,153.0,,95.0,1626.175,54.0,56.0,"['3', '4']",,N/A,2024-05-21 00:00:00+00:00
67,RouteIntensity,Domingo,67,,153.0,,95.0,1120.26431718062,54.0,56.0,"['3', '4']",,N/A,2024-05-21 00:00:00+00:00
67,RouteIntensity,Laborable,67,,170.0,,114.0,3064.07115902965,68.0,70.0,"['3', '4']",,N/A,2024-05-21 00:00:00+00:00
67,RouteIntensity,Laborable,67,,170.0,,114.0,3203.33139534884,68.0,70.0,"['3', '4']",,N/A,2024-05-21 00:00:00+00:00
67,RouteIntensity,Sabado,67,,,,,1817.55895196507,,,"['3', '4']",,N/A,2024-05-21 00:00:00+00:00
67,RouteIntensity,Sabado,67,,,,,2338.56097560976,,,"['3', '4']",,N/A,2024-05-21 00:00:00+00:00
67,RouteIntensity,Viernes,67,,,,,2887.18122270742,,,"['3', '4']",,N/A,2024-05-21 00:00:00+00:00
67,RouteIntensity,Viernes,67,,,,,3118.53488372093,,,"['3', '4']",,N/A,2024-05-21 00:00:00+00:00
7,RouteIntensity,Domingo,7,,85.0,,80.0,1398.05,56.0,58.0,"['1', '2', '10']",,N/A,2024-05-21 00:00:00+00:00
7,RouteIntensity,Domingo,7,,85.0,,80.0,1417.56923076923,56.0,58.0,"['1', '2', '10']",,N/A,2024-05-21 00:00:00+00:00
7,RouteIntensity,Laborable,7,,204.0,,96.0,3447.10281385281,78.0,81.0,"['1', '2', '10']",,N/A,2024-05-21 00:00:00+00:00
7,RouteIntensity,Laborable,7,,204.0,,96.0,3152.69942196532,78.0,81.0,"['1', '2', '10']",,N/A,2024-05-21 00:00:00+00:00
7,RouteIntensity,Sabado,7,,,,,2269.60173160173,,,"['1', '2', '10']",,N/A,2024-05-21 00:00:00+00:00
7,RouteIntensity,Sabado,7,,,,,2074.75609756098,,,"['1', '2', '10']",,N/A,2024-05-21 00:00:00+00:00
7,RouteIntensity,Viernes,7,,,,,3304.92778993435,,,"['1', '2', '10']",,N/A,2024-05-21 00:00:00+00:00
7,RouteIntensity,Viernes,7,,,,,2995.20930232558,,,"['1', '2', '10']",,N/A,2024-05-21 00:00:00+00:00
70,RouteIntensity,Domingo,70,,364.0,,320.0,3051.125,59.0,62.0,"['1', '3', '6', '7', '8', '14', '15']",,N/A,2024-05-21 00:00:00+00:00
70,RouteIntensity,Domingo,70,,364.0,,320.0,2780.83259911894,59.0,62.0,"['1', '3', '6', '7', '8', '14', '15']",,N/A,2024-05-21 00:00:00+00:00
70,RouteIntensity,Laborable,70,,364.0,,544.0,7480.6634356489,87.0,87.0,"['1', '3', '6', '7', '8', '14', '15']",,N/A,2024-05-21 00:00:00+00:00
70,RouteIntensity,Laborable,70,,364.0,,544.0,7377.54651162791,87.0,87.0,"['1', '3', '6', '7', '8', '14', '15']",,N/A,2024-05-21 00:00:00+00:00
70,RouteIntensity,Sabado,70,,,,,4526.0,,,"['1', '3', '6', '7', '8', '14', '15']",,N/A,2024-05-21 00:00:00+00:00
70,RouteIntensity,Sabado,70,,,,,4481.00652173913,,,"['1', '3', '6', '7', '8', '14', '15']",,N/A,2024-05-21 00:00:00+00:00
70,RouteIntensity,Viernes,70,,,,,6870.86046511628,,,"['1', '3', '6', '7', '8', '14', '15']",,N/A,2024-05-21 00:00:00+00:00
70,RouteIntensity,Viernes,70,,,,,7014.7903930131,,,"['1', '3', '6', '7', '8', '14', '15']",,N/A,2024-05-21 00:00:00+00:00
71,RouteIntensity,Domingo,71,,62.0,,192.0,3317.1,49.0,49.0,"['1', '3', '6', '7', '8', '13']",,N/A,2024-05-21 00:00:00+00:00
71,RouteIntensity,Domingo,71,,62.0,,192.0,2831.02863436123,49.0,49.0,"['1', '3', '6', '7', '8', '13']",,N/A,2024-05-21 00:00:00+00:00
71,RouteIntensity,Laborable,71,,186.0,,256.0,8594.0836030205,90.0,92.0,"['1', '3', '6', '7', '8', '13']",,N/A,2024-05-21 00:00:00+00:00
71,RouteIntensity,Laborable,71,,186.0,,256.0,8849.36686390532,90.0,92.0,"['1', '3', '6', '7', '8', '13']",,N/A,2024-05-21 00:00:00+00:00
71,RouteIntensity,Sabado,71,,,,,4257.73969631236,,,"['1', '3', '6', '7', '8', '13']",,N/A,2024-05-21 00:00:00+00:00
71,RouteIntensity,Sabado,71,,,,,4714.0,,,"['1', '3', '6', '7', '8', '13']",,N/A,2024-05-21 00:00:00+00:00
71,RouteIntensity,Viernes,71,,,,,7902.75982532751,,,"['1', '3', '6', '7', '8', '13']",,N/A,2024-05-21 00:00:00+00:00
71,RouteIntensity,Viernes,71,,,,,8151.58139534884,,,"['1', '3', '6', '7', '8', '13']",,N/A,2024-05-21 00:00:00+00:00
72,RouteIntensity,Domingo,72,,165.0,,112.0,2262.3,78.0,77.0,"['8', '1', '3', '7']",,N/A,2024-05-21 00:00:00+00:00
72,RouteIntensity,Domingo,72,,165.0,,112.0,1499.40088105727,78.0,77.0,"['8', '1', '3', '7']",,N/A,2024-05-21 00:00:00+00:00
72,RouteIntensity,Laborable,72,,150.0,,98.0,3914.50027041644,93.0,91.0,"['8', '1', '3', '7']",,N/A,2024-05-21 00:00:00+00:00
72,RouteIntensity,Laborable,72,,150.0,,98.0,4044.98830409357,93.0,91.0,"['8', '1', '3', '7']",,N/A,2024-05-21 00:00:00+00:00
72,RouteIntensity,Sabado,72,,,,,2220.1252699784,,,"['8', '1', '3', '7']",,N/A,2024-05-21 00:00:00+00:00
72,RouteIntensity,Sabado,72,,,,,2851.9756097561,,,"['8', '1', '3', '7']",,N/A,2024-05-21 00:00:00+00:00
72,RouteIntensity,Viernes,72,,,,,3741.77412280702,,,"['8', '1', '3', '7']",,N/A,2024-05-21 00:00:00+00:00
72,RouteIntensity,Viernes,72,,,,,3847.55813953488,,,"['8', '1', '3', '7']",,N/A,2024-05-21 00:00:00+00:00
73,RouteIntensity,Domingo,73,,23.0,,25.0,1288.525,56.0,53.0,"['8', '1', '3', '7']",,N/A,2024-05-21 00:00:00+00:00
73,RouteIntensity,Domingo,73,,23.0,,25.0,1322.9449339207,56.0,53.0,"['8', '1', '3', '7']",,N/A,2024-05-21 00:00:00+00:00
73,RouteIntensity,Laborable,73,,47.0,,51.0,4027.32830188679,99.0,109.0,"['8', '1', '3', '7']",,N/A,2024-05-21 00:00:00+00:00
73,RouteIntensity,Laborable,73,,47.0,,51.0,3898.54385964912,99.0,109.0,"['8', '1', '3', '7']",,N/A,2024-05-21 00:00:00+00:00
73,RouteIntensity,Sabado,73,,,,,2023.88069414317,,,"['8', '1', '3', '7']",,N/A,2024-05-21 00:00:00+00:00
73,RouteIntensity,Sabado,73,,,,,1903.31707317073,,,"['8', '1', '3', '7']",,N/A,2024-05-21 00:00:00+00:00
73,RouteIntensity,Viernes,73,,,,,3582.32558139535,,,"['8', '1', '3', '7']",,N/A,2024-05-21 00:00:00+00:00
73,RouteIntensity,Viernes,73,,,,,3686.26637554585,,,"['8', '1', '3', '7']",,N/A,2024-05-21 00:00:00+00:00
79,RouteIntensity,Domingo,79,,,,,508.4,,,"['2', '3', '4', '6']",,N/A,2024-05-21 00:00:00+00:00
79,RouteIntensity,Domingo,79,,,,,544.627906976744,,,"['2', '3', '4', '6']",,N/A,2024-05-21 00:00:00+00:00
79,RouteIntensity,Laborable,79,,,,,2087.52556818182,,,"['2', '3', '4', '6']",,N/A,2024-05-21 00:00:00+00:00
79,RouteIntensity,Laborable,79,,,,,2371.87096774194,,,"['2', '3', '4', '6']",,N/A,2024-05-21 00:00:00+00:00
79,RouteIntensity,Sabado,79,,,,,850.833333333333,,,"['2', '3', '4', '6']",,N/A,2024-05-21 00:00:00+00:00
79,RouteIntensity,Sabado,79,,,,,937.129411764706,,,"['2', '3', '4', '6']",,N/A,2024-05-21 00:00:00+00:00
79,RouteIntensity,Viernes,79,,,,,1772.58823529412,,,"['2', '3', '4', '6']",,N/A,2024-05-21 00:00:00+00:00
79,RouteIntensity,Viernes,79,,,,,1798.42857142857,,,"['2', '3', '4', '6']",,N/A,2024-05-21 00:00:00+00:00
8,RouteIntensity,Domingo,8,,133.0,,84.0,2273.1,70.0,71.0,"['1', '2', '10']",,N/A,2024-05-21 00:00:00+00:00
8,RouteIntensity,Domingo,8,,133.0,,84.0,2118.99561403509,70.0,71.0,"['1', '2', '10']",,N/A,2024-05-21 00:00:00+00:00
8,RouteIntensity,Laborable,8,,247.0,,70.0,5094.9924446843,90.0,97.0,"['1', '2', '10']",,N/A,2024-05-21 00:00:00+00:00
8,RouteIntensity,Laborable,8,,247.0,,70.0,5066.86705202312,90.0,97.0,"['1', '2', '10']",,N/A,2024-05-21 00:00:00+00:00
8,RouteIntensity,Sabado,8,,,,,2986.79347826087,,,"['1', '2', '10']",,N/A,2024-05-21 00:00:00+00:00
8,RouteIntensity,Sabado,8,,,,,2995.70731707317,,,"['1', '2', '10']",,N/A,2024-05-21 00:00:00+00:00
8,RouteIntensity,Viernes,8,,,,,4576.67441860465,,,"['1', '2', '10']",,N/A,2024-05-21 00:00:00+00:00
8,RouteIntensity,Viernes,8,,,,,4791.17903930131,,,"['1', '2', '10']",,N/A,2024-05-21 00:00:00+00:00
80,RouteIntensity,Domingo,80,,,,,400.988372093023,,,"['1', '3', '4', '5', '6']",,N/A,2024-05-21 00:00:00+00:00
80,RouteIntensity,Domingo,80,,,,,383.2,,,"['1', '3', '4', '5', '6']",,N/A,2024-05-21 00:00:00+00:00
80,RouteIntensity,Laborable,80,,,,,1603.74193548387,,,"['1', '3', '4', '5', '6']",,N/A,2024-05-21 00:00:00+00:00
80,RouteIntensity,Laborable,80,,,,,1329.70454545455,,,"['1', '3', '4', '5', '6']",,N/A,2024-05-21 00:00:00+00:00
80,RouteIntensity,Sabado,80,,,,,665.329411764706,,,"['1', '3', '4', '5', '6']",,N/A,2024-05-21 00:00:00+00:00
80,RouteIntensity,Sabado,80,,,,,674.0,,,"['1', '3', '4', '5', '6']",,N/A,2024-05-21 00:00:00+00:00
80,RouteIntensity,Viernes,80,,,,,1209.98823529412,,,"['1', '3', '4', '5', '6']",,N/A,2024-05-21 00:00:00+00:00
80,RouteIntensity,Viernes,80,,,,,1190.85714285714,,,"['1', '3', '4', '5', '6']",,N/A,2024-05-21 00:00:00+00:00
81,RouteIntensity,Domingo,81,,144.0,,90.0,4114.1,59.0,60.0,"['1', '5', '6', '11', '13']",,N/A,2024-05-21 00:00:00+00:00
81,RouteIntensity,Domingo,81,,144.0,,90.0,2972.71397379913,59.0,60.0,"['1', '5', '6', '11', '13']",,N/A,2024-05-21 00:00:00+00:00
81,RouteIntensity,Laborable,81,,252.0,,162.0,8346.44989224138,105.0,106.0,"['1', '5', '6', '11', '13']",,N/A,2024-05-21 00:00:00+00:00
81,RouteIntensity,Laborable,81,,252.0,,162.0,8783.57225433526,105.0,106.0,"['1', '5', '6', '11', '13']",,N/A,2024-05-21 00:00:00+00:00
81,RouteIntensity,Sabado,81,,,,,5299.46341463415,,,"['1', '5', '6', '11', '13']",,N/A,2024-05-21 00:00:00+00:00
81,RouteIntensity,Sabado,81,,,,,4442.4025974026,,,"['1', '5', '6', '11', '13']",,N/A,2024-05-21 00:00:00+00:00
81,RouteIntensity,Viernes,81,,,,,8242.02325581395,,,"['1', '5', '6', '11', '13']",,N/A,2024-05-21 00:00:00+00:00
81,RouteIntensity,Viernes,81,,,,,7949.90849673203,,,"['1', '5', '6', '11', '13']",,N/A,2024-05-21 00:00:00+00:00
89,RouteIntensity,Domingo,89,,,,,2550.0,,,"['3', '4', '7', '8', '9', '10', '12']",,N/A,2024-05-21 00:00:00+00:00
89,RouteIntensity,Domingo,89,,,,,3556.88372093023,,,"['3', '4', '7', '8', '9', '10', '12']",,N/A,2024-05-21 00:00:00+00:00
89,RouteIntensity,Laborable,89,,,,,9094.54838709677,,,"['3', '4', '7', '8', '9', '10', '12']",,N/A,2024-05-21 00:00:00+00:00
89,RouteIntensity,Laborable,89,,,,,9515.4985835694,,,"['3', '4', '7', '8', '9', '10', '12']",,N/A,2024-05-21 00:00:00+00:00
89,RouteIntensity,Sabado,89,,,,,5267.64367816092,,,"['3', '4', '7', '8', '9', '10', '12']",,N/A,2024-05-21 00:00:00+00:00
89,RouteIntensity,Sabado,89,,,,,4292.33333333333,,,"['3', '4', '7', '8', '9', '10', '12']",,N/A,2024-05-21 00:00:00+00:00
89,RouteIntensity,Viernes,89,,,,,7497.85714285714,,,"['3', '4', '7', '8', '9', '10', '12']",,N/A,2024-05-21 00:00:00+00:00
89,RouteIntensity,Viernes,89,,,,,9030.84705882353,,,"['3', '4', '7', '8', '9', '10', '12']",,N/A,2024-05-21 00:00:00+00:00
9,RouteIntensity,Domingo,9,,350.0,,125.0,4017.8,66.0,67.0,"['1', '3', '9', '19']",,N/A,2024-05-21 00:00:00+00:00
9,RouteIntensity,Domingo,9,,350.0,,125.0,3426.00218818381,66.0,67.0,"['1', '3', '9', '19']",,N/A,2024-05-21 00:00:00+00:00
9,RouteIntensity,Laborable,9,,375.0,,100.0,8773.1920995671,105.0,102.0,"['1', '3', '9', '19']",,N/A,2024-05-21 00:00:00+00:00
9,RouteIntensity,Laborable,9,,375.0,,100.0,9035.21965317919,105.0,102.0,"['1', '3', '9', '19']",,N/A,2024-05-21 00:00:00+00:00
9,RouteIntensity,Sabado,9,,,,,4972.9262472885,,,"['1', '3', '9', '19']",,N/A,2024-05-21 00:00:00+00:00
9,RouteIntensity,Sabado,9,,,,,5317.75609756098,,,"['1', '3', '9', '19']",,N/A,2024-05-21 00:00:00+00:00
9,RouteIntensity,Viernes,9,,,,,8378.90697674419,,,"['1', '3', '9', '19']",,N/A,2024-05-21 00:00:00+00:00
9,RouteIntensity,Viernes,9,,,,,8185.30131004367,,,"['1', '3', '9', '19']",,N/A,2024-05-21 00:00:00+00:00
90,RouteIntensity,Domingo,90,,,,,2534.8,,,"['4', '5', '14', '6']",,N/A,2024-05-21 00:00:00+00:00
90,RouteIntensity,Domingo,90,,,,,3441.3023255814,,,"['4', '5', '14', '6']",,N/A,2024-05-21 00:00:00+00:00
90,RouteIntensity,Laborable,90,,,,,9471.22580645161,,,"['4', '5', '14', '6']",,N/A,2024-05-21 00:00:00+00:00
90,RouteIntensity,Laborable,90,,,,,9610.48158640227,,,"['4', '5', '14', '6']",,N/A,2024-05-21 00:00:00+00:00
90,RouteIntensity,Sabado,90,,,,,5409.28735632184,,,"['4', '5', '14', '6']",,N/A,2024-05-21 00:00:00+00:00
90,RouteIntensity,Sabado,90,,,,,4793.83333333333,,,"['4', '5', '14', '6']",,N/A,2024-05-21 00:00:00+00:00
90,RouteIntensity,Viernes,90,,,,,8232.42857142857,,,"['4', '5', '14', '6']",,N/A,2024-05-21 00:00:00+00:00
90,RouteIntensity,Viernes,90,,,,,9248.81176470588,,,"['4', '5', '14', '6']",,N/A,2024-05-21 00:00:00+00:00
92,RouteIntensity,Domingo,92,,108.0,,234.0,6990.65,51.0,49.0,"['2', '3', '4', '6', '11', '12']",,N/A,2024-05-21 00:00:00+00:00
92,RouteIntensity,Domingo,92,,108.0,,234.0,5624.77533039648,51.0,49.0,"['2', '3', '4', '6', '11', '12']",,N/A,2024-05-21 00:00:00+00:00
92,RouteIntensity,Laborable,92,,252.0,,507.0,13214.1302702703,93.0,92.0,"['2', '3', '4', '6', '11', '12']",,N/A,2024-05-21 00:00:00+00:00
92,RouteIntensity,Laborable,92,,252.0,,507.0,13869.6242774566,93.0,92.0,"['2', '3', '4', '6', '11', '12']",,N/A,2024-05-21 00:00:00+00:00
92,RouteIntensity,Sabado,92,,,,,7986.77006507592,,,"['2', '3', '4', '6', '11', '12']",,N/A,2024-05-21 00:00:00+00:00
92,RouteIntensity,Sabado,92,,,,,9531.29268292683,,,"['2', '3', '4', '6', '11', '12']",,N/A,2024-05-21 00:00:00+00:00
92,RouteIntensity,Viernes,92,,,,,13449.6511627907,,,"['2', '3', '4', '6', '11', '12']",,N/A,2024-05-21 00:00:00+00:00
92,RouteIntensity,Viernes,92,,,,,12643.8144104803,,,"['2', '3', '4', '6', '11', '12']",,N/A,2024-05-21 00:00:00+00:00
93,RouteIntensity,Domingo,93,,196.0,,308.0,4263.86363636364,69.0,63.0,"['2', '3', '6', '7', '8', '11', '13']",,N/A,2024-05-21 00:00:00+00:00
93,RouteIntensity,Domingo,93,,196.0,,308.0,3444.51764705882,69.0,63.0,"['2', '3', '6', '7', '8', '11', '13']",,N/A,2024-05-21 00:00:00+00:00
93,RouteIntensity,Laborable,93,,532.0,,392.0,9435.59,132.0,131.0,"['2', '3', '6', '7', '8', '11', '13']",,N/A,2024-05-21 00:00:00+00:00
93,RouteIntensity,Laborable,93,,532.0,,392.0,8922.54835680751,132.0,131.0,"['2', '3', '6', '7', '8', '11', '13']",,N/A,2024-05-21 00:00:00+00:00
93,RouteIntensity,Sabado,93,,,,,4360.67300380228,,,"['2', '3', '6', '7', '8', '11', '13']",,N/A,2024-05-21 00:00:00+00:00
93,RouteIntensity,Sabado,93,,,,,5126.58333333333,,,"['2', '3', '6', '7', '8', '11', '13']",,N/A,2024-05-21 00:00:00+00:00
93,RouteIntensity,Viernes,93,,,,,8478.46153846154,,,"['2', '3', '6', '7', '8', '11', '13']",,N/A,2024-05-21 00:00:00+00:00
93,RouteIntensity,Viernes,93,,,,,8236.70114942529,,,"['2', '3', '6', '7', '8', '11', '13']",,N/A,2024-05-21 00:00:00+00:00
94,RouteIntensity,Domingo,94,,96.0,,66.0,2033.24503311258,48.0,49.0,"['1', '2', '4', '5', '6', '12']",,N/A,2024-05-21 00:00:00+00:00
94,RouteIntensity,Domingo,94,,96.0,,66.0,2533.725,48.0,49.0,"['1', '2', '4', '5', '6', '12']",,N/A,2024-05-21 00:00:00+00:00
94,RouteIntensity,Laborable,94,,48.0,,176.0,4759.36594594595,72.0,68.0,"['1', '2', '4', '5', '6', '12']",,N/A,2024-05-21 00:00:00+00:00
94,RouteIntensity,Laborable,94,,48.0,,176.0,5036.74418604651,72.0,68.0,"['1', '2', '4', '5', '6', '12']",,N/A,2024-05-21 00:00:00+00:00
94,RouteIntensity,Sabado,94,,,,,2808.66739130435,,,"['1', '2', '4', '5', '6', '12']",,N/A,2024-05-21 00:00:00+00:00
94,RouteIntensity,Sabado,94,,,,,3261.87804878049,,,"['1', '2', '4', '5', '6', '12']",,N/A,2024-05-21 00:00:00+00:00
94,RouteIntensity,Viernes,94,,,,,4555.18300653595,,,"['1', '2', '4', '5', '6', '12']",,N/A,2024-05-21 00:00:00+00:00
94,RouteIntensity,Viernes,94,,,,,4610.55813953488,,,"['1', '2', '4', '5', '6', '12']",,N/A,2024-05-21 00:00:00+00:00
95,RouteIntensity,Domingo,95,,136.0,,156.0,4610.175,45.0,45.0,"['2', '4', '5', '6', '7', '10', '11']",,N/A,2024-05-21 00:00:00+00:00
95,RouteIntensity,Domingo,95,,136.0,,156.0,4116.75657894737,45.0,45.0,"['2', '4', '5', '6', '7', '10', '11']",,N/A,2024-05-21 00:00:00+00:00
95,RouteIntensity,Laborable,95,,374.0,,429.0,8105.84835402051,93.0,93.0,"['2', '4', '5', '6', '7', '10', '11']",,N/A,2024-05-21 00:00:00+00:00
95,RouteIntensity,Laborable,95,,374.0,,429.0,8235.34302325581,93.0,93.0,"['2', '4', '5', '6', '7', '10', '11']",,N/A,2024-05-21 00:00:00+00:00
95,RouteIntensity,Sabado,95,,,,,4972.49784482759,,,"['2', '4', '5', '6', '7', '10', '11']",,N/A,2024-05-21 00:00:00+00:00
95,RouteIntensity,Sabado,95,,,,,5444.12195121951,,,"['2', '4', '5', '6', '7', '10', '11']",,N/A,2024-05-21 00:00:00+00:00
95,RouteIntensity,Viernes,95,,,,,7830.39433551198,,,"['2', '4', '5', '6', '7', '10', '11']",,N/A,2024-05-21 00:00:00+00:00
95,RouteIntensity,Viernes,95,,,,,7916.83720930233,,,"['2', '4', '5', '6', '7', '10', '11']",,N/A,2024-05-21 00:00:00+00:00
10,RouteIntensity,Viernes,10,"{""type"":""MultiLineString"",""coordinates"":[[[-0.357136998,39.48698542],[-0.357189309,39.485495202],[-0.357574086,39.484078687],[-0.359174466,39.481774342],[-0.3581215,39.480124867],[-0.356596088,39.479013197],[-0.356501299,39.475384096],[-0.357819396,39.472798864],[-0.358644892,39.470826232],[-0.360204879,39.469483364],[-0.364137699,39.469289632],[-0.367740849,39.471821646],[-0.369197122,39.471467245],[-0.370976646,39.469952294],[-0.373574472,39.468194934],[-0.378030019,39.467883266],[-0.381809698,39.468172296],[-0.38367603,39.466137319],[-0.385570027,39.463825489],[-0.386196956,39.460713575],[-0.386971146,39.458310727],[-0.387065273,39.456923358],[-0.387084456,39.455535826],[-0.388729082,39.452751888],[-0.389301047,39.450076239],[-0.389686976,39.44826713],[-0.390555311,39.447666387],[-0.393464012,39.449071909],[-0.395486866,39.449110309],[-0.396223302,39.448062423],[-0.396916118,39.445778593],[-0.397940461,39.442944829],[-0.393722221,39.4432319],[-0.392978721,39.445156562],[-0.391191999,39.447297353]],[[-0.391191999,39.447297353],[-0.389386209,39.448344869],[-0.388974236,39.450171274],[-0.388417627,39.452816898],[-0.386851497,39.455670441],[-0.386756189,39.457989774],[-0.385954215,39.459732343],[-0.385407736,39.461398096],[-0.38229868,39.461610626],[-0.381215665,39.465966329],[-0.378918904,39.46928752],[-0.377626895,39.4694438],[-0.375493825,39.470306337],[-0.371312774,39.471378926],[-0.367746389,39.47167473],[-0.365870289,39.470684297],[-0.359977247,39.468649836],[-0.358289505,39.470172883],[-0.356893359,39.472815795],[-0.355779122,39.475063403],[-0.357522431,39.477320818],[-0.357527724,39.480099781],[-0.359115664,39.482228975],[-0.358503515,39.483321688],[-0.357820594,39.485866449],[-0.357136998,39.48698542]]]}",,Baja,,7630.14628820961,,,"['1', '2', '3', '6', '9', '14']",10,N/A,2024-05-21 00:00:00+00:00
11,RouteIntensity,Viernes,11,"{""type"":""MultiLineString"",""coordinates"":[[[-0.398543502,39.454763897],[-0.396258259,39.456155598],[-0.394166136,39.458077425],[-0.392194594,39.459766763],[-0.390308899,39.46172799],[-0.388570741,39.463774471],[-0.38666034,39.466004002],[-0.384772278,39.468316136],[-0.383567254,39.47092117],[-0.380412359,39.472712287],[-0.379805662,39.471432783],[-0.377826639,39.468393566],[-0.375857789,39.470103434],[-0.371312774,39.471378926],[-0.369568178,39.472075963],[-0.364841099,39.474004158],[-0.36682906,39.476445195],[-0.371316841,39.479006841],[-0.370571702,39.481857183],[-0.369378861,39.484134107],[-0.367890669,39.486993815],[-0.36924725,39.488755877],[-0.371046675,39.490141063],[-0.371618894,39.492170016],[-0.370439013,39.494126689],[-0.368858173,39.49590705],[-0.368873813,39.496930014]],[[-0.368873813,39.496930014],[-0.36999852,39.496463753],[-0.370859934,39.494690632],[-0.368398762,39.492895234],[-0.370581476,39.490880786],[-0.37074258,39.489541324],[-0.369074126,39.48827506],[-0.370655555,39.486327513],[-0.372695208,39.4828611],[-0.374267762,39.478721579],[-0.371227802,39.476979027],[-0.369891988,39.473920076],[-0.372306573,39.473192295],[-0.375816367,39.473610527],[-0.376862603,39.472085525],[-0.375948193,39.469946739],[-0.378030019,39.467883266],[-0.381809698,39.468172296],[-0.38367603,39.466137319],[-0.385570027,39.463825489],[-0.387347721,39.461846365],[-0.388743435,39.460240784],[-0.389915436,39.460576546],[-0.392713598,39.461739296],[-0.394530916,39.459899798],[-0.396472836,39.458350784],[-0.398661518,39.45624672],[-0.398543502,39.454763897]]]}",,Baja,,6903.34204793028,,,"['1', '3', '5', '6', '8', '14', '15']",11,N/A,2024-05-21 00:00:00+00:00
12,RouteIntensity,Viernes,12,"{""type"":""MultiLineString"",""coordinates"":[[[-0.364137699,39.469289632],[-0.359977247,39.468649836],[-0.358289505,39.470172883],[-0.356893359,39.472815795],[-0.355779122,39.475063403],[-0.357522431,39.477320818],[-0.36004678,39.478070608],[-0.363076234,39.478991793],[-0.363910443,39.481270425],[-0.3629854,39.483195501],[-0.362050108,39.485119939],[-0.361264257,39.486704879],[-0.360459837,39.488297464],[-0.362428868,39.489715579],[-0.365960175,39.49124314],[-0.3682762,39.492938376],[-0.370131519,39.494355381],[-0.372785306,39.495423208],[-0.375328632,39.494984981],[-0.37878292,39.494241899],[-0.381563847,39.493620151],[-0.383564527,39.493219717],[-0.386073775,39.492668352],[-0.388186166,39.493285101],[-0.390845974,39.494261295],[-0.392778232,39.496078967],[-0.393799797,39.498311093],[-0.393102612,39.500442768]],[[-0.393102612,39.500442768],[-0.394656485,39.500041155],[-0.394939847,39.497512508],[-0.392857042,39.495967063],[-0.390771544,39.494067115],[-0.388312199,39.49352318],[-0.386254262,39.494982868],[-0.384275444,39.495208033],[-0.382198588,39.495656986],[-0.379947391,39.495889066],[-0.377254841,39.496467645],[-0.374198233,39.496969403],[-0.372348753,39.496316212],[-0.370859934,39.494690632],[-0.368398762,39.492895234],[-0.365690959,39.490866759],[-0.362462576,39.489573745],[-0.362043087,39.488282096],[-0.362841261,39.486671692],[-0.363394627,39.485674413],[-0.364204596,39.483999682],[-0.365261927,39.481994211],[-0.365729111,39.478760808],[-0.363110881,39.477980399],[-0.361424831,39.477484545],[-0.359204294,39.476837678],[-0.356501299,39.475384096],[-0.357819396,39.472798864],[-0.358644892,39.470826232],[-0.360204879,39.469483364],[-0.364137699,39.469289632]]]}",,Baja,,2979.61572052402,,,"['2', '6', '14', '15', '16']",12,N/A,2024-05-21 00:00:00+00:00
13,RouteIntensity,Viernes,13,"{""type"":""MultiLineString"",""coordinates"":[[[-0.367746389,39.47167473],[-0.364879032,39.469526997],[-0.362831781,39.466328646],[-0.361268121,39.463451448],[-0.360423852,39.461657284],[-0.35857438,39.459171585],[-0.356763998,39.456745232],[-0.357837922,39.455811594],[-0.360715209,39.454579623],[-0.363150665,39.453621207],[-0.365797019,39.452500523],[-0.367827969,39.451623863],[-0.369641004,39.450000594],[-0.368622384,39.448506092],[-0.367126637,39.446274708],[-0.367726148,39.444334238],[-0.368161746,39.442507727],[-0.368757077,39.441835787]],[[-0.368757077,39.441835787],[-0.367516612,39.444319349],[-0.366935458,39.44636115],[-0.368403033,39.448583024],[-0.369565015,39.450242067],[-0.368655116,39.451033975],[-0.366444687,39.451940745],[-0.362914084,39.453413051],[-0.360594411,39.454415397],[-0.356735748,39.456076407],[-0.356172748,39.457090333],[-0.36027027,39.458345652],[-0.361295797,39.459867372],[-0.362383099,39.46152887],[-0.363825425,39.463507846],[-0.365125234,39.465456294],[-0.366316629,39.467176943],[-0.367812831,39.469262205],[-0.369079856,39.47108532],[-0.367746389,39.47167473]]]}",,Baja,,3025.07205240175,,,"['2', '10']",13,N/A,2024-05-21 00:00:00+00:00
14,RouteIntensity,Viernes,14,"{""type"":""MultiLineString"",""coordinates"":[[[-0.376792913,39.468888819],[-0.373945958,39.468462188],[-0.372523143,39.466034517],[-0.370936993,39.463757094],[-0.369504834,39.461726995],[-0.367703753,39.460169007],[-0.365600073,39.46106785],[-0.362602151,39.461519283],[-0.361809524,39.460346898],[-0.360617297,39.458557528],[-0.362844286,39.457068417],[-0.362674635,39.455528207],[-0.360597485,39.452626022],[-0.35920143,39.450648842],[-0.360719758,39.44867926],[-0.359659109,39.447442189],[-0.358257389,39.445592551],[-0.357512039,39.444492272],[-0.35601795,39.442715605],[-0.355211162,39.43703563],[-0.359715931,39.431065892],[-0.360710277,39.432437878],[-0.362707138,39.4324364],[-0.363665971,39.429503129],[-0.363971546,39.428242453],[-0.364195059,39.42660841],[-0.361898417,39.426416116],[-0.362144733,39.4242085]],[[-0.362144733,39.4242085],[-0.363936549,39.424703503],[-0.364130905,39.426284511],[-0.363915059,39.427853234],[-0.36342194,39.429647321],[-0.362442246,39.432661439],[-0.360760835,39.432339397],[-0.359874884,39.431120033],[-0.354785944,39.437152105],[-0.356750865,39.443360297],[-0.357163848,39.444069618],[-0.35822365,39.4456699],[-0.359573877,39.447479441],[-0.360671525,39.448717389],[-0.359339878,39.451398439],[-0.360244382,39.452741432],[-0.36237605,39.455595195],[-0.362742103,39.456783366],[-0.36027027,39.458345652],[-0.361295797,39.459867372],[-0.362383099,39.46152887],[-0.365675059,39.461292994],[-0.367811721,39.460425158],[-0.370447151,39.461731464],[-0.371780157,39.463236556],[-0.374156152,39.465757784],[-0.376792913,39.468888819]]]}",,Alta,,3157.09523809524,,,"['19', '1', '2', '10']",14,N/A,2024-05-21 00:00:00+00:00
16,RouteIntensity,Viernes,16,"{""type"":""MultiLineString"",""coordinates"":[[[-0.37424537,39.470560786],[-0.371312774,39.471378926],[-0.369568178,39.472075963],[-0.364841099,39.474004158],[-0.36682906,39.476445195],[-0.371316841,39.479006841],[-0.374011091,39.480907778],[-0.374740757,39.484376042],[-0.3746561,39.486229811],[-0.375014657,39.488828295],[-0.373954328,39.49157592],[-0.373158527,39.493271066],[-0.371912743,39.494580237],[-0.370815524,39.496534999],[-0.370230037,39.498876223],[-0.36852953,39.502343242],[-0.367802075,39.504201249],[-0.3654941,39.506878415],[-0.365177859,39.508722206],[-0.361358404,39.516372629],[-0.358622086,39.520561705],[-0.357310656,39.522340053],[-0.367444214,39.53367105],[-0.369793375,39.535182986],[-0.368581016,39.535687725]],[[-0.368581016,39.535687725],[-0.357115605,39.522845256],[-0.357753343,39.522022161],[-0.358762037,39.520613642],[-0.361516994,39.516495218],[-0.365300313,39.508799052],[-0.366243589,39.506380297],[-0.367689163,39.504689911],[-0.368618306,39.502427322],[-0.370300352,39.499116483],[-0.372348753,39.496316212],[-0.372730301,39.494718957],[-0.373365779,39.4932863],[-0.374452702,39.491529743],[-0.375997607,39.489312737],[-0.377473367,39.487358835],[-0.378759338,39.485225492],[-0.378839957,39.483088139],[-0.375359517,39.481643198],[-0.374267762,39.478721579],[-0.371227802,39.476979027],[-0.369891988,39.473920076],[-0.372306573,39.473192295],[-0.374325725,39.473317536],[-0.37424537,39.470560786]]]}",,Alta,,5541.38095238095,,,"['1', '5', '6', '15', '17']",16,N/A,2024-05-21 00:00:00+00:00
18,RouteIntensity,Viernes,18,"{""type"":""MultiLineString"",""coordinates"":[[[-0.393953276,39.45038128],[-0.389686976,39.44826713],[-0.387226046,39.446393779],[-0.381749991,39.445515621],[-0.379861524,39.446888002],[-0.379293677,39.449360888],[-0.378838275,39.450957505],[-0.376667512,39.452546792],[-0.373953731,39.453157087],[-0.371796394,39.452897076],[-0.368828587,39.454125987],[-0.365723609,39.455462367],[-0.362742103,39.456783366],[-0.36027027,39.458345652],[-0.361295797,39.459867372],[-0.362383099,39.46152887],[-0.357728454,39.464297956],[-0.356097017,39.467527136],[-0.354919344,39.469942731],[-0.353867179,39.472140925],[-0.352849696,39.47417338],[-0.351271541,39.477825865],[-0.347228853,39.480107162],[-0.345999398,39.479816898]],[[-0.345999398,39.479816898],[-0.347678455,39.478312847],[-0.351592515,39.477845631],[-0.353158901,39.474325581],[-0.354259717,39.472049073],[-0.355406401,39.469622294],[-0.35641479,39.467662163],[-0.357835278,39.464631133],[-0.362602151,39.461519283],[-0.361809524,39.460346898],[-0.360617297,39.458557528],[-0.362844286,39.457068417],[-0.365744313,39.45584426],[-0.369458911,39.454286027],[-0.372036458,39.45318784],[-0.374465535,39.451848426],[-0.379312853,39.450487694],[-0.379702199,39.448848479],[-0.380204009,39.446936694],[-0.381274252,39.445862464],[-0.387277034,39.446922609],[-0.390555311,39.447666387],[-0.393464012,39.449071909],[-0.393953276,39.45038128]]]}",,Baja,,3539.88671023965,,,"['9', '10', '12', '13']",18,N/A,2024-05-21 00:00:00+00:00
19,RouteIntensity,Viernes,19,"{""type"":""MultiLineString"",""coordinates"":[[[-0.377626895,39.4694438],[-0.376804402,39.466285571],[-0.374659438,39.464356278],[-0.372852046,39.464676561],[-0.369186696,39.463864374],[-0.363917347,39.4627274],[-0.358793009,39.463186274],[-0.35679201,39.460974466],[-0.352146657,39.460051822],[-0.348837373,39.459313116],[-0.345602354,39.458615308],[-0.342799903,39.459034695],[-0.340554602,39.460429441],[-0.338157129,39.46152899],[-0.335810602,39.460773403],[-0.332496103,39.460357022],[-0.328745425,39.463739759],[-0.328484017,39.465627315],[-0.328305577,39.467233695],[-0.327974648,39.469400803],[-0.327649535,39.471664644],[-0.327376919,39.473469327],[-0.326508662,39.476209032],[-0.326664684,39.479115618],[-0.326695314,39.481528694],[-0.326565747,39.483099319]],[[-0.326565747,39.483099319],[-0.327856859,39.483928126],[-0.32814584,39.48110272],[-0.328148424,39.479117871],[-0.328164471,39.477378557],[-0.327852604,39.476248926],[-0.327898512,39.474291107],[-0.328272638,39.471601821],[-0.328529617,39.469861071],[-0.328805872,39.46811489],[-0.329133261,39.465609807],[-0.329473966,39.463786583],[-0.332714259,39.460480404],[-0.333827806,39.459195849],[-0.336108278,39.458802958],[-0.339331109,39.459048376],[-0.343502242,39.458959096],[-0.346277485,39.459292537],[-0.350093683,39.460092352],[-0.352411429,39.460595147],[-0.356590329,39.461559819],[-0.358412299,39.463167261],[-0.363133694,39.462853439],[-0.367661493,39.463844999],[-0.372009941,39.46479659],[-0.374156152,39.465757784],[-0.376495265,39.467514637],[-0.377626895,39.4694438]]]}",,Alta,,8082.41860465116,,,"['1', '2', '11', '12']",19,N/A,2024-05-21 00:00:00+00:00
27,RouteIntensity,Viernes,27,"{""type"":""MultiLineString"",""coordinates"":[[[-0.379849641,39.472525155],[-0.380306652,39.470068731],[-0.381809698,39.468172296],[-0.38367603,39.466137319],[-0.385570027,39.463825489],[-0.385453244,39.460471061],[-0.383933788,39.457997322],[-0.384074137,39.455870462],[-0.384697694,39.452791151],[-0.385065758,39.450973415],[-0.38579752,39.44836835],[-0.386778792,39.4455891],[-0.387533408,39.443686603],[-0.388946084,39.440114355],[-0.391038456,39.434817536],[-0.391611558,39.43329554],[-0.392912081,39.429929165],[-0.393471505,39.427384254]],[[-0.393471505,39.427384254],[-0.392607076,39.430314336],[-0.391121435,39.433958566],[-0.39072334,39.435078062],[-0.38869443,39.440109666],[-0.387111396,39.444233431],[-0.385840023,39.447393937],[-0.385278929,39.44914639],[-0.384786461,39.451336718],[-0.384458755,39.45298659],[-0.383577068,39.456689201],[-0.382910764,39.459668628],[-0.38229868,39.461610626],[-0.381215665,39.465966329],[-0.379557808,39.469491365],[-0.379623755,39.473779501],[-0.379849641,39.472525155]]]}",,Baja,,6431.67903930131,,,"['19', '1', '3', '9']",27,N/A,2024-05-21 00:00:00+00:00
28,RouteIntensity,Viernes,28,"{""type"":""MultiLineString"",""coordinates"":[[[-0.378030019,39.467883266],[-0.380278249,39.468515847],[-0.383567254,39.47092117],[-0.383807026,39.473913689],[-0.383948311,39.475014205],[-0.383694072,39.47784092],[-0.384558976,39.482912253],[-0.385629897,39.485485164],[-0.386812994,39.486357684],[-0.389068909,39.488334701],[-0.390290574,39.489488983],[-0.393309733,39.492393441],[-0.395602625,39.494579716],[-0.396210688,39.49567885],[-0.393799797,39.498311093],[-0.393102612,39.500442768]],[[-0.393102612,39.500442768],[-0.394656485,39.500041155],[-0.394939847,39.497512508],[-0.396287726,39.495798951],[-0.397432631,39.49557449],[-0.396208821,39.494049405],[-0.394034498,39.491949385],[-0.392439424,39.490421249],[-0.39226589,39.488875211],[-0.388599753,39.487236824],[-0.386399007,39.484898147],[-0.384989701,39.483100924],[-0.380981061,39.481075169],[-0.377759031,39.480375106],[-0.375251024,39.479093766],[-0.371227802,39.476979027],[-0.36967118,39.473877708],[-0.369197122,39.471467245],[-0.370976646,39.469952294],[-0.373574472,39.468194934],[-0.378030019,39.467883266]]]}",,Alta,,5977.27906976744,,,"['16', '1', '4', '5']",28,N/A,2024-05-21 00:00:00+00:00
31,RouteIntensity,Viernes,31,"{""type"":""MultiLineString"",""coordinates"":[[[-0.381584273,39.460830087],[-0.38229868,39.461610626],[-0.381215665,39.465966329],[-0.378918904,39.46928752],[-0.377626895,39.4694438],[-0.375493825,39.470306337],[-0.371312774,39.471378926],[-0.369568178,39.472075963],[-0.364430716,39.473815045],[-0.362724456,39.476328349],[-0.361424831,39.477484545],[-0.359204294,39.476837678],[-0.356929953,39.476161366],[-0.354839997,39.475831891],[-0.350892278,39.474750991],[-0.348583134,39.47404503],[-0.346215883,39.47298805],[-0.342960939,39.47204949],[-0.340259126,39.471248623],[-0.33825524,39.4706591],[-0.336444499,39.47019678],[-0.334007701,39.472251204],[-0.331709607,39.472239917],[-0.329575343,39.471948385],[-0.327376919,39.473469327],[-0.326508662,39.476209032],[-0.326664684,39.479115618],[-0.326695314,39.481528694],[-0.326565747,39.483099319],[-0.326142595,39.485461504],[-0.325783132,39.487652365],[-0.325545453,39.489846613],[-0.325332206,39.493144861],[-0.326730202,39.492784957]],[[-0.326730202,39.492784957],[-0.327598536,39.487758581],[-0.328231381,39.485286054],[-0.327856859,39.483928126],[-0.32814584,39.48110272],[-0.328148424,39.479117871],[-0.328164471,39.477378557],[-0.327852604,39.476248926],[-0.327898512,39.474291107],[-0.328732184,39.472042949],[-0.33178981,39.472401699],[-0.334274067,39.472428093],[-0.334661469,39.47091071],[-0.33652468,39.470976093],[-0.339945288,39.471983861],[-0.342582994,39.472804471],[-0.345929656,39.473891126],[-0.348547888,39.474315561],[-0.350914202,39.475027222],[-0.353911552,39.475908823],[-0.356072817,39.476892009],[-0.36004678,39.478070608],[-0.363076234,39.478991793],[-0.365512117,39.479657027],[-0.36740693,39.477682941],[-0.369891988,39.473920076],[-0.372306573,39.473192295],[-0.375816367,39.473610527],[-0.376862603,39.472085525],[-0.375948193,39.469946739],[-0.378030019,39.467883266],[-0.381809698,39.468172296],[-0.382265317,39.466015509],[-0.379623448,39.463088548],[-0.381584273,39.460830087]]]}",,Alta,,4217.46511627907,,,"['1', '3', '6', '11', '13']",31,N/A,2024-05-21 00:00:00+00:00
35,RouteIntensity,Viernes,35,"{""type"":""MultiLineString"",""coordinates"":[[[-0.376792913,39.468888819],[-0.373945958,39.468462188],[-0.372523143,39.466034517],[-0.370936993,39.463757094],[-0.369504834,39.461726995],[-0.367703753,39.460169007],[-0.365698781,39.459727894],[-0.36386093,39.457153462],[-0.362674635,39.455528207],[-0.360594411,39.454415397],[-0.356735748,39.456076407],[-0.354344038,39.454617256],[-0.347464578,39.456967456],[-0.348246269,39.458978495],[-0.347507673,39.461092844],[-0.34632807,39.463474787],[-0.347461993,39.464157683],[-0.349147161,39.463160711]],[[-0.349147161,39.463160711],[-0.347192148,39.4625589],[-0.347784618,39.4610654],[-0.348530874,39.459003753],[-0.348178883,39.457566165],[-0.353524296,39.454889919],[-0.357837922,39.455811594],[-0.360715209,39.454579623],[-0.36237605,39.455595195],[-0.363664898,39.45730475],[-0.365188584,39.45979829],[-0.367811721,39.460425158],[-0.370447151,39.461731464],[-0.371780157,39.463236556],[-0.374156152,39.465757784],[-0.376495265,39.467514637],[-0.376792913,39.468888819]]]}",,Alta,,4752.0,,,"['1', '2', '10', '12']",35,N/A,2024-05-21 00:00:00+00:00
4,RouteIntensity,Viernes,4,"{""type"":""MultiLineString"",""coordinates"":[[[-0.376165832,39.470387874],[-0.371312774,39.471378926],[-0.367746389,39.47167473],[-0.365870289,39.470684297],[-0.359970673,39.468002884],[-0.355979343,39.466762127],[-0.352663288,39.465773235],[-0.350846669,39.465236275],[-0.348057724,39.464414641],[-0.344191962,39.463306363],[-0.341827658,39.462537563],[-0.339188778,39.461818841],[-0.335810602,39.460773403],[-0.333232739,39.459991055],[-0.332269643,39.458314756],[-0.330844763,39.456353087],[-0.330657854,39.454493937],[-0.333682547,39.451938153],[-0.334156178,39.450237299],[-0.334608861,39.448538737],[-0.335878861,39.447590233],[-0.335218905,39.444836798],[-0.333287213,39.44458967],[-0.330581777,39.446211385],[-0.33177604,39.447470243]],[[-0.33177604,39.447470243],[-0.333133195,39.448453672],[-0.332428775,39.450559096],[-0.332064564,39.451857132],[-0.329974583,39.455062612],[-0.333827806,39.459195849],[-0.336108278,39.458802958],[-0.339331109,39.459048376],[-0.339545108,39.461045544],[-0.341652728,39.461831302],[-0.344618131,39.463105432],[-0.347461993,39.464157683],[-0.350460299,39.465043048],[-0.353412738,39.465906618],[-0.35625481,39.466414187],[-0.360447456,39.467885113],[-0.364137699,39.469289632],[-0.367740849,39.471821646],[-0.369426589,39.472203367],[-0.372306573,39.473192295],[-0.375816367,39.473610527],[-0.376862603,39.472085525],[-0.376165832,39.470387874]]]}",,Baja,,6178.26419213974,,,"['1', '2', '6', '10', '11', '12']",4,N/A,2024-05-21 00:00:00+00:00
40,RouteIntensity,Viernes,40,"{""type"":""MultiLineString"",""coordinates"":[[[-0.376882491,39.468075608],[-0.372595752,39.469132517],[-0.370616878,39.467020576],[-0.36950283,39.466468242],[-0.367120236,39.466013144],[-0.365483663,39.463598276],[-0.363917347,39.4627274],[-0.360861818,39.462056932],[-0.35679201,39.460974466],[-0.352851513,39.46106752],[-0.351917595,39.463291491],[-0.350947258,39.465971269],[-0.350040415,39.468117743],[-0.349101986,39.470368682],[-0.348108953,39.472812092],[-0.347130159,39.475132162],[-0.346259171,39.476993995],[-0.345328074,39.479277363],[-0.345736642,39.479409107]],[[-0.345736642,39.479409107],[-0.346870079,39.476814346],[-0.347545371,39.475217313],[-0.348412002,39.472937733],[-0.349458386,39.47048371],[-0.350267431,39.468376327],[-0.35127204,39.465908187],[-0.35230762,39.463607928],[-0.353339355,39.461055794],[-0.356590329,39.461559819],[-0.361179278,39.462427718],[-0.363133694,39.462853439],[-0.365125234,39.465456294],[-0.366316629,39.467176943],[-0.367812831,39.469262205],[-0.369079856,39.47108532],[-0.370976646,39.469952294],[-0.373574472,39.468194934],[-0.376882491,39.468075608]]]}",,Baja,,3102.5807860262,,,"['1', '2', '10', '12', '13']",40,N/A,2024-05-21 00:00:00+00:00
5,RouteIntensity,Viernes,5,"{""type"":""MultiLineString"",""coordinates"":[[[-0.378030019,39.467883266],[-0.380278249,39.468515847],[-0.383567254,39.47092117],[-0.383807026,39.473913689],[-0.383948311,39.475014205],[-0.383694072,39.47784092],[-0.382931255,39.480023079],[-0.380981061,39.481075169],[-0.377759031,39.480375106]],[[-0.377759031,39.480375106],[-0.375251024,39.479093766],[-0.371227802,39.476979027],[-0.369891988,39.473920076],[-0.372306573,39.473192295],[-0.375816367,39.473610527],[-0.376862603,39.472085525],[-0.375948193,39.469946739],[-0.377100545,39.468630481],[-0.378030019,39.467883266]]]}",,Alta,,1353.75,,,['1'],C1,N/A,2024-05-21 00:00:00+00:00
6,RouteIntensity,Viernes,6,"{""type"":""MultiLineString"",""coordinates"":[[[-0.377152511,39.498528207],[-0.376233981,39.497939394],[-0.375515912,39.496023066],[-0.374533725,39.493479107],[-0.374108751,39.492397073],[-0.374452702,39.491529743],[-0.375997607,39.489312737],[-0.377473367,39.487358835],[-0.378759338,39.485225492],[-0.378839957,39.483088139],[-0.375359517,39.481643198],[-0.374267762,39.478721579],[-0.371227802,39.476979027],[-0.369891988,39.473920076],[-0.372306573,39.473192295],[-0.374325725,39.473317536],[-0.37424537,39.470560786],[-0.373945958,39.468462188],[-0.372523143,39.466034517],[-0.370936993,39.463757094],[-0.369504834,39.461726995],[-0.367703753,39.460169007],[-0.365698781,39.459727894],[-0.36386093,39.457153462],[-0.365744313,39.45584426],[-0.369458911,39.454286027],[-0.372036458,39.45318784],[-0.372732772,39.452040734],[-0.371329205,39.450137831],[-0.369580873,39.447553511],[-0.370038391,39.445940449],[-0.373292125,39.445484344]],[[-0.373292125,39.445484344],[-0.373789845,39.447976602],[-0.373773481,39.449750691],[-0.375567518,39.452315747],[-0.373953731,39.453157087],[-0.371796394,39.452897076],[-0.368828587,39.454125987],[-0.366847192,39.455614646],[-0.367982639,39.457363839],[-0.368892947,39.45909061],[-0.370447151,39.461731464],[-0.371780157,39.463236556],[-0.374156152,39.465757784],[-0.376495265,39.467514637],[-0.375857789,39.470103434],[-0.371312774,39.471378926],[-0.369568178,39.472075963],[-0.364841099,39.474004158],[-0.36682906,39.476445195],[-0.371316841,39.479006841],[-0.374011091,39.480907778],[-0.374740757,39.484376042],[-0.3746561,39.486229811],[-0.375014657,39.488828295],[-0.373954328,39.49157592],[-0.375465315,39.492112965],[-0.375937055,39.493253292],[-0.376812276,39.495825824],[-0.377216531,39.497916443],[-0.377152511,39.498528207]]]}",,Baja,,7435.96506550218,,,"['1', '2', '5', '10', '15']",6,N/A,2024-05-21 00:00:00+00:00
60,RouteIntensity,Viernes,60,"{""type"":""MultiLineString"",""coordinates"":[[[-0.380278249,39.468515847],[-0.38444871,39.470407853],[-0.38613187,39.472321925],[-0.388011432,39.474943192],[-0.389588038,39.477145876],[-0.39127282,39.479463885],[-0.391507093,39.484112804],[-0.390687984,39.48589175],[-0.389585918,39.488118043],[-0.387211405,39.48902175],[-0.382922282,39.489982119],[-0.38230892,39.491221631],[-0.37947478,39.491987763],[-0.377088557,39.492515627],[-0.375937055,39.493253292],[-0.376812276,39.495825824],[-0.377216531,39.497916443],[-0.377152511,39.498528207]],[[-0.377152511,39.498528207],[-0.376233981,39.497939394],[-0.375515912,39.496023066],[-0.374533725,39.493479107],[-0.374108751,39.492397073],[-0.376118274,39.491736938],[-0.379633426,39.490916647],[-0.382982678,39.490178736],[-0.386764471,39.489341665],[-0.388570299,39.488932851],[-0.390939229,39.485975831],[-0.391946766,39.483725916],[-0.391689592,39.479268119],[-0.390097844,39.476993006],[-0.388891253,39.475348541],[-0.388028761,39.474112663],[-0.384395972,39.472122195],[-0.380412359,39.472712287],[-0.379805662,39.471432783],[-0.377826639,39.468393566],[-0.378030019,39.467883266],[-0.380278249,39.468515847]]]}",,Baja,,5601.52850877193,,,"['1', '3', '4', '5', '15']",60,N/A,2024-05-21 00:00:00+00:00
62,RouteIntensity,Viernes,62,"{""type"":""MultiLineString"",""coordinates"":[[[-0.379850897,39.472115436],[-0.377826639,39.468393566],[-0.378030019,39.467883266],[-0.380278249,39.468515847],[-0.38444871,39.470407853],[-0.38613187,39.472321925],[-0.388011432,39.474943192],[-0.389588038,39.477145876],[-0.39127282,39.479463885],[-0.393283867,39.482233593],[-0.394693343,39.484395893],[-0.396419928,39.486989642],[-0.399523853,39.491046211],[-0.401818112,39.494183851],[-0.404004194,39.494325341],[-0.406615151,39.493069963],[-0.416053209,39.497135347],[-0.41634855,39.498760926],[-0.417328295,39.499555466],[-0.418754806,39.501456207],[-0.420339797,39.50263914],[-0.422766652,39.501592848],[-0.425226637,39.500991789],[-0.426394091,39.502306745],[-0.426394584,39.503160792],[-0.424304745,39.505677763],[-0.429120708,39.50715929],[-0.427930702,39.508193552]],[[-0.427930702,39.508193552],[-0.429217045,39.507213006],[-0.424637799,39.505618291],[-0.426283614,39.503679549],[-0.426272562,39.501688777],[-0.425126397,39.500658304],[-0.422694117,39.501486998],[-0.42009343,39.502419999],[-0.419123774,39.501427899],[-0.41778512,39.499092467],[-0.416448706,39.498770918],[-0.416241605,39.497640094],[-0.406692353,39.49258249],[-0.403370815,39.493914765],[-0.402256466,39.493950973],[-0.40001383,39.49077184],[-0.397110452,39.48660304],[-0.396103609,39.48504149],[-0.394820391,39.483478852],[-0.393394951,39.481693232],[-0.391689592,39.479268119],[-0.390097844,39.476993006],[-0.388891253,39.475348541],[-0.388028761,39.474112663],[-0.384395972,39.472122195],[-0.380412359,39.472712287],[-0.379850897,39.472115436]]]}",,Baja,,4635.4451754386,,,"['1', '3', '4', '16', '18']",62,N/A,2024-05-21 00:00:00+00:00
64,RouteIntensity,Viernes,64,"{""type"":""MultiLineString"",""coordinates"":[[[-0.384842249,39.497039691],[-0.384097531,39.495021663],[-0.383197688,39.492648164],[-0.382403362,39.490530767],[-0.386764471,39.489341665],[-0.388570299,39.488932851],[-0.391460958,39.488037244],[-0.394024094,39.486923332],[-0.396103609,39.48504149],[-0.394820391,39.483478852],[-0.393394951,39.481693232],[-0.391689592,39.479268119],[-0.390097844,39.476993006],[-0.388891253,39.475348541],[-0.387292967,39.473032272],[-0.385102851,39.469990619],[-0.384010197,39.468463791],[-0.383029366,39.467092315],[-0.382265317,39.466015509],[-0.379623448,39.463088548],[-0.381584273,39.460830087],[-0.384608991,39.459078532],[-0.384074137,39.455870462],[-0.384697694,39.452791151],[-0.385065758,39.450973415],[-0.38579752,39.44836835],[-0.386450693,39.446218206],[-0.381749991,39.445515621],[-0.37565408,39.444894188]],[[-0.37565408,39.444894188],[-0.370038391,39.445940449],[-0.377274919,39.44545306],[-0.381274252,39.445862464],[-0.385840023,39.447393937],[-0.385278929,39.44914639],[-0.384786461,39.451336718],[-0.384458755,39.45298659],[-0.383577068,39.456689201],[-0.382910764,39.459668628],[-0.38229868,39.461610626],[-0.381949951,39.466449935],[-0.384685106,39.470257438],[-0.38613187,39.472321925],[-0.388011432,39.474943192],[-0.389588038,39.477145876],[-0.39127282,39.479463885],[-0.393283867,39.482233593],[-0.394693343,39.484395893],[-0.395295842,39.486021471],[-0.392637862,39.487183409],[-0.389585918,39.488118043],[-0.387211405,39.48902175],[-0.382922282,39.489982119],[-0.38230892,39.491221631],[-0.383564527,39.493219717],[-0.386073775,39.492668352],[-0.388186166,39.493285101],[-0.390845974,39.494261295],[-0.388619799,39.495797891],[-0.384842249,39.497039691]]]}",,Alta,,7725.04651162791,,,"['3', '4', '9', '10', '16']",64,N/A,2024-05-21 00:00:00+00:00
67,RouteIntensity,Viernes,67,"{""type"":""MultiLineString"",""coordinates"":[[[-0.377712025,39.467245475],[-0.381809698,39.468172296],[-0.382753248,39.467632823],[-0.385139389,39.470485097],[-0.388104252,39.469861219],[-0.391763554,39.469621574],[-0.393799744,39.472500556],[-0.394888965,39.473994687],[-0.397808725,39.476322912],[-0.401163513,39.475638362],[-0.403329624,39.476784059],[-0.403201603,39.478931352],[-0.403549272,39.481090338],[-0.401860538,39.483766769],[-0.404199061,39.487103395],[-0.405802438,39.489324101],[-0.407025099,39.490920637],[-0.406692353,39.49258249],[-0.404302154,39.49009975]],[[-0.404302154,39.49009975],[-0.40442805,39.488281629],[-0.404582635,39.48696402],[-0.402209673,39.483700802],[-0.403855806,39.480987585],[-0.402888179,39.478468213],[-0.39907586,39.478597926],[-0.39779421,39.477436185],[-0.39559837,39.474462965],[-0.393667588,39.471995902],[-0.392451654,39.470061033],[-0.392311313,39.467233979],[-0.387617516,39.46642282],[-0.385132122,39.466002518],[-0.381938482,39.465481661],[-0.379623448,39.463088548],[-0.377712025,39.467245475]]]}",,Alta,,3118.53488372093,,,"['3', '4']",67,N/A,2024-05-21 00:00:00+00:00
7,RouteIntensity,Viernes,7,"{""type"":""MultiLineString"",""coordinates"":[[[-0.379805662,39.471432783],[-0.377826639,39.468393566],[-0.376804402,39.466285571],[-0.374898621,39.46361513],[-0.373688592,39.461866633],[-0.371806729,39.459266275],[-0.371777967,39.457606681],[-0.371584222,39.455714521],[-0.371621657,39.453963128],[-0.370664384,39.451615481],[-0.369641004,39.450000594],[-0.368622384,39.448506092],[-0.367126637,39.446274708],[-0.367726148,39.444334238],[-0.368161746,39.442507727],[-0.368757077,39.441835787]],[[-0.368757077,39.441835787],[-0.367516612,39.444319349],[-0.366935458,39.44636115],[-0.368403033,39.448583024],[-0.369565015,39.450242067],[-0.371655235,39.451606551],[-0.372705484,39.454033605],[-0.371225829,39.454950054],[-0.372717362,39.45658388],[-0.373164321,39.458885491],[-0.3749131,39.46134632],[-0.376350092,39.463330734],[-0.374156152,39.465757784],[-0.378030019,39.467883266],[-0.379557808,39.469491365],[-0.379623755,39.473779501],[-0.379805662,39.471432783]]]}",,Alta,,2995.20930232558,,,"['1', '2', '10']",7,N/A,2024-05-21 00:00:00+00:00
70,RouteIntensity,Viernes,70,"{""type"":""MultiLineString"",""coordinates"":[[[-0.409652623,39.465744283],[-0.409185384,39.464595167],[-0.408786517,39.463113562],[-0.405260805,39.464397676],[-0.405601174,39.466965624],[-0.405497102,39.468665863],[-0.402520485,39.468965275],[-0.399923315,39.468554843],[-0.395633082,39.467938606],[-0.392311313,39.467233979],[-0.387617516,39.46642282],[-0.385132122,39.466002518],[-0.380890077,39.466626905],[-0.378918904,39.46928752],[-0.377626895,39.4694438],[-0.375857789,39.470103434],[-0.371312774,39.471378926],[-0.369568178,39.472075963],[-0.364841099,39.474004158],[-0.36682906,39.476445195],[-0.366873488,39.477912434],[-0.365093525,39.479067425],[-0.363910443,39.481270425],[-0.3629854,39.483195501],[-0.362050108,39.485119939],[-0.361264257,39.486704879],[-0.360459837,39.488297464],[-0.362428868,39.489715579],[-0.362544374,39.491017137],[-0.359361825,39.493031847],[-0.354132662,39.495950607],[-0.354563674,39.495917928]],[[-0.354563674,39.495917928],[-0.35917501,39.49357882],[-0.361475471,39.492258311],[-0.364319944,39.490656889],[-0.362462576,39.489573745],[-0.362043087,39.488282096],[-0.362841261,39.486671692],[-0.363394627,39.485674413],[-0.364204596,39.483999682],[-0.365261927,39.481994211],[-0.366183593,39.480142002],[-0.36740693,39.477682941],[-0.369891988,39.473920076],[-0.372306573,39.473192295],[-0.375816367,39.473610527],[-0.376862603,39.472085525],[-0.375948193,39.469946739],[-0.378030019,39.467883266],[-0.380278249,39.468515847],[-0.38444871,39.470407853],[-0.388104252,39.469861219],[-0.392337302,39.468980958],[-0.396038982,39.468379717],[-0.400003313,39.469099892],[-0.403209869,39.469609705],[-0.406562441,39.468643283],[-0.406379788,39.46600431],[-0.409652623,39.465744283]]]}",,Baja,,7014.7903930131,,,"['1', '3', '6', '7', '8', '14', '15']",70,N/A,2024-05-21 00:00:00+00:00
71,RouteIntensity,Viernes,71,"{""type"":""MultiLineString"",""coordinates"":[[[-0.417148662,39.468457374],[-0.414760023,39.469147646],[-0.414457772,39.467477906],[-0.412594196,39.466990429],[-0.40953323,39.467138741],[-0.406336571,39.466975579],[-0.406169072,39.465459806],[-0.402833821,39.46354829],[-0.399846936,39.463681174],[-0.396888497,39.463796205],[-0.391919933,39.464002046],[-0.389069325,39.464112135],[-0.38666034,39.466004002],[-0.385132122,39.466002518],[-0.380890077,39.466626905],[-0.378918904,39.46928752],[-0.377626895,39.4694438],[-0.375493825,39.470306337],[-0.371312774,39.471378926],[-0.369568178,39.472075963],[-0.364430716,39.473815045],[-0.362724456,39.476328349],[-0.361424831,39.477484545],[-0.359204294,39.476837678],[-0.356929953,39.476161366],[-0.354839997,39.475831891],[-0.350892278,39.474750991],[-0.348583134,39.47404503],[-0.347130159,39.475132162],[-0.346259171,39.476993995],[-0.345328074,39.479277363],[-0.345736642,39.479409107]],[[-0.345736642,39.479409107],[-0.346870079,39.476814346],[-0.347545371,39.475217313],[-0.348547888,39.474315561],[-0.350914202,39.475027222],[-0.353911552,39.475908823],[-0.356072817,39.476892009],[-0.36004678,39.478070608],[-0.363076234,39.478991793],[-0.365512117,39.479657027],[-0.36740693,39.477682941],[-0.36967118,39.473877708],[-0.369197122,39.471467245],[-0.370976646,39.469952294],[-0.373574472,39.468194934],[-0.378030019,39.467883266],[-0.381809698,39.468172296],[-0.38367603,39.466137319],[-0.385570027,39.463825489],[-0.387351003,39.463391252],[-0.389492526,39.464361303],[-0.393359485,39.464206294],[-0.396898691,39.464054933],[-0.399663947,39.463951327],[-0.402853865,39.463822129],[-0.405447962,39.464103355],[-0.406124959,39.467382119],[-0.409471463,39.467230588],[-0.412865141,39.467068163],[-0.415069109,39.467204465],[-0.417148662,39.468457374]]]}",,Alta,,8151.58139534884,,,"['1', '3', '6', '7', '8', '13']",71,N/A,2024-05-21 00:00:00+00:00
72,RouteIntensity,Viernes,72,"{""type"":""MultiLineString"",""coordinates"":[[[-0.378030019,39.467883266],[-0.380278249,39.468515847],[-0.38444871,39.470407853],[-0.388104252,39.469861219],[-0.392074925,39.468481721],[-0.393419265,39.466446185],[-0.394917684,39.465083514],[-0.397702628,39.462550453],[-0.399453651,39.461028397],[-0.401147515,39.459509046],[-0.40336592,39.457521703],[-0.404278469,39.45542962],[-0.403087556,39.453522724],[-0.402689535,39.451213139]],[[-0.402689535,39.451213139],[-0.403743734,39.452580598],[-0.404771351,39.454266736],[-0.404016752,39.456303218],[-0.401318457,39.458801025],[-0.399211622,39.46082094],[-0.396427782,39.463443738],[-0.393327846,39.464672729],[-0.391978013,39.466447687],[-0.387617516,39.46642282],[-0.385132122,39.466002518],[-0.380890077,39.466626905],[-0.378918904,39.46928752],[-0.377626895,39.4694438],[-0.378030019,39.467883266]]]}",,Alta,,3847.55813953488,,,"['8', '1', '3', '7']",72,N/A,2024-05-21 00:00:00+00:00
73,RouteIntensity,Viernes,73,"{""type"":""MultiLineString"",""coordinates"":[[[-0.402689535,39.451213139],[-0.403743734,39.452580598],[-0.404771351,39.454266736],[-0.404016752,39.456303218],[-0.401318457,39.458801025],[-0.398589539,39.459291523],[-0.400566456,39.461518158],[-0.400673594,39.463134677],[-0.402853865,39.463822129],[-0.405447962,39.464103355],[-0.405782497,39.46703495],[-0.409122115,39.46581569],[-0.405497102,39.468665863],[-0.40504421,39.470641957],[-0.405338479,39.472451187],[-0.402464006,39.473523553],[-0.40064582,39.472462028],[-0.397484688,39.471474801],[-0.395186642,39.470719077],[-0.393799744,39.472500556],[-0.391854653,39.47380979],[-0.388028761,39.474112663],[-0.384395972,39.472122195],[-0.380412359,39.472712287],[-0.379805662,39.471432783],[-0.377826639,39.468393566]],[[-0.377826639,39.468393566],[-0.378030019,39.467883266],[-0.379557808,39.469491365],[-0.379623755,39.473779501],[-0.380872992,39.475112722],[-0.384671315,39.47572059],[-0.38932081,39.47493758],[-0.391280271,39.474611979],[-0.394184062,39.474452566],[-0.397398719,39.473989166],[-0.400440538,39.47343756],[-0.402808998,39.472715911],[-0.405593186,39.472083259],[-0.406562441,39.468643283],[-0.406379788,39.46600431],[-0.409185384,39.464595167],[-0.406279204,39.464658305],[-0.402833821,39.46354829],[-0.400894795,39.461979511],[-0.401147515,39.459509046],[-0.40336592,39.457521703],[-0.404278469,39.45542962],[-0.403087556,39.453522724],[-0.402689535,39.451213139]],[[-0.402689535,39.451213139],[-0.403743734,39.452580598],[-0.404771351,39.454266736],[-0.404016752,39.456303218],[-0.401318457,39.458801025],[-0.398589539,39.459291523],[-0.400566456,39.461518158],[-0.400673594,39.463134677],[-0.402853865,39.463822129],[-0.405447962,39.464103355],[-0.405782497,39.46703495],[-0.405497102,39.468665863],[-0.40504421,39.470641957],[-0.405338479,39.472451187],[-0.402464006,39.473523553],[-0.40064582,39.472462028],[-0.397484688,39.471474801],[-0.395186642,39.470719077],[-0.393799744,39.472500556],[-0.391854653,39.47380979],[-0.388028761,39.474112663],[-0.384395972,39.472122195],[-0.380412359,39.472712287],[-0.379805662,39.471432783],[-0.377826639,39.468393566]],[[-0.377826639,39.468393566],[-0.378030019,39.467883266],[-0.379557808,39.469491365],[-0.379623755,39.473779501],[-0.380872992,39.475112722],[-0.384671315,39.47572059],[-0.38932081,39.47493758],[-0.391280271,39.474611979],[-0.394184062,39.474452566],[-0.397398719,39.473989166],[-0.400440538,39.47343756],[-0.402808998,39.472715911],[-0.405593186,39.472083259],[-0.406562441,39.468643283],[-0.406379788,39.46600431],[-0.406279204,39.464658305],[-0.402833821,39.46354829],[-0.400894795,39.461979511],[-0.401147515,39.459509046],[-0.40336592,39.457521703],[-0.404278469,39.45542962],[-0.403087556,39.453522724],[-0.402689535,39.451213139]]]}",,Baja,,3686.26637554585,,,"['8', '1', '3', '7']",73,N/A,2024-05-21 00:00:00+00:00
79,RouteIntensity,Viernes,79,"{""type"":""MultiLineString"",""coordinates"":[[[-0.387708753,39.480211917],[-0.390097844,39.476993006],[-0.388891253,39.475348541],[-0.387292967,39.473032272],[-0.385102851,39.469990619],[-0.384010197,39.468463791],[-0.383029366,39.467092315],[-0.382265317,39.466015509],[-0.374659438,39.464356278],[-0.372258227,39.465303544],[-0.36950283,39.466468242],[-0.36744827,39.467329192],[-0.365597823,39.468145356],[-0.359977247,39.468649836],[-0.358289505,39.470172883],[-0.356893359,39.472815795],[-0.355779122,39.475063403]],[[-0.355779122,39.475063403],[-0.357522431,39.477320818],[-0.36004678,39.478070608],[-0.363076234,39.478991793],[-0.365512117,39.479657027],[-0.36740693,39.477682941],[-0.371316841,39.479006841],[-0.374011091,39.480907778],[-0.375496179,39.482006222],[-0.377766786,39.482923947],[-0.381205307,39.482982546],[-0.384438073,39.481746325],[-0.387708753,39.480211917]]]}",,Alta,,1798.42857142857,,,"['2', '3', '4', '6']",C2,N/A,2024-05-21 00:00:00+00:00
8,RouteIntensity,Viernes,8,"{""type"":""MultiLineString"",""coordinates"":[[[-0.368889927,39.472164354],[-0.370976646,39.469952294],[-0.373574472,39.468194934],[-0.376955149,39.466143265],[-0.378820596,39.460758322],[-0.377000136,39.458250529],[-0.375160853,39.455606268],[-0.376050003,39.453758737],[-0.37829295,39.454308802],[-0.378887002,39.452549851],[-0.379312853,39.450487694],[-0.379702199,39.448848479],[-0.380204009,39.446936694],[-0.37565408,39.444894188]],[[-0.37565408,39.444894188],[-0.370038391,39.445940449],[-0.373292125,39.445484344],[-0.377829273,39.446010062],[-0.379861524,39.446888002],[-0.379293677,39.449360888],[-0.378838275,39.450957505],[-0.376667512,39.452546792],[-0.376751818,39.454004556],[-0.375109719,39.454994648],[-0.374865493,39.456096351],[-0.376438655,39.458308791],[-0.378220753,39.460564355],[-0.37720098,39.463064992],[-0.374156152,39.465757784],[-0.376495265,39.467514637],[-0.375857789,39.470103434],[-0.371312774,39.471378926],[-0.368889927,39.472164354]]]}",,Baja,,4791.17903930131,,,"['1', '2', '10']",8,N/A,2024-05-21 00:00:00+00:00
80,RouteIntensity,Viernes,80,"{""type"":""MultiLineString"",""coordinates"":[[[-0.381037275,39.465269883],[-0.382753248,39.467632823],[-0.384685106,39.470257438],[-0.38613187,39.472321925],[-0.388011432,39.474943192],[-0.389588038,39.477145876],[-0.390078515,39.478994518],[-0.387566274,39.480012601],[-0.384358717,39.481459167],[-0.381429058,39.482656831],[-0.379532036,39.482819223],[-0.375359517,39.481643198],[-0.374267762,39.478721579],[-0.371227802,39.476979027],[-0.366873488,39.477912434],[-0.365729111,39.478760808],[-0.363110881,39.477980399],[-0.361424831,39.477484545]],[[-0.361424831,39.477484545],[-0.359204294,39.476837678],[-0.356501299,39.475384096],[-0.357819396,39.472798864],[-0.358644892,39.470826232],[-0.360204879,39.469483364],[-0.365818585,39.468488982],[-0.367606855,39.467785666],[-0.37076613,39.466443336],[-0.37328281,39.46538157],[-0.375009839,39.464579909],[-0.381037275,39.465269883]]]}",,Alta,,1190.85714285714,,,"['1', '3', '4', '5', '6']",C2,N/A,2024-05-21 00:00:00+00:00
81,RouteIntensity,Viernes,81,"{""type"":""MultiLineString"",""coordinates"":[[[-0.335619603,39.470648652],[-0.33652468,39.470976093],[-0.339945288,39.471983861],[-0.342582994,39.472804471],[-0.345929656,39.473891126],[-0.348547888,39.474315561],[-0.350914202,39.475027222],[-0.353911552,39.475908823],[-0.356072817,39.476892009],[-0.36004678,39.478070608],[-0.363076234,39.478991793],[-0.365512117,39.479657027],[-0.36740693,39.477682941],[-0.36967118,39.473877708],[-0.369197122,39.471467245],[-0.370976646,39.469952294],[-0.373574472,39.468194934],[-0.376882491,39.468075608]],[[-0.376882491,39.468075608],[-0.375493825,39.470306337],[-0.371312774,39.471378926],[-0.369568178,39.472075963],[-0.364430716,39.473815045],[-0.362724456,39.476328349],[-0.361424831,39.477484545],[-0.359204294,39.476837678],[-0.356929953,39.476161366],[-0.354839997,39.475831891],[-0.350892278,39.474750991],[-0.348583134,39.47404503],[-0.346215883,39.47298805],[-0.342960939,39.47204949],[-0.340259126,39.471248623],[-0.33825524,39.4706591],[-0.336444499,39.47019678],[-0.335619603,39.470648652]]]}",,Baja,,7949.90849673203,,,"['1', '5', '6', '11', '13']",81,N/A,2024-05-21 00:00:00+00:00
89,RouteIntensity,Viernes,89,"{""type"":""MultiLineString"",""coordinates"":[[[-0.391946766,39.483725916],[-0.393795322,39.48003461],[-0.394769559,39.477775803],[-0.39559837,39.474462965],[-0.393667588,39.471995902],[-0.392451654,39.470061033],[-0.392311313,39.467233979],[-0.388546641,39.464599714],[-0.387345224,39.462914863],[-0.385453244,39.460471061],[-0.384608991,39.459078532],[-0.374775966,39.457192963],[-0.370748589,39.458888584],[-0.367703753,39.460169007],[-0.365600073,39.46106785],[-0.363177542,39.462132694],[-0.357728454,39.464297956]],[[-0.357728454,39.464297956],[-0.356097017,39.467527136],[-0.354919344,39.469942731],[-0.353867179,39.472140925],[-0.352849696,39.47417338],[-0.353911552,39.475908823],[-0.357522431,39.477320818],[-0.36004678,39.478070608],[-0.360837092,39.479968274],[-0.360474554,39.482284688],[-0.36332856,39.484402525],[-0.36563642,39.486086663],[-0.36924725,39.488755877],[-0.371046675,39.490141063],[-0.373387458,39.491856523],[-0.376118274,39.491736938],[-0.379633426,39.490916647],[-0.382982678,39.490178736],[-0.386764471,39.489341665],[-0.388570299,39.488932851],[-0.390939229,39.485975831],[-0.391946766,39.483725916]]]}",,Baja,,9030.84705882353,,,"['3', '4', '7', '8', '9', '10', '12']",C3,N/A,2024-05-21 00:00:00+00:00
9,RouteIntensity,Viernes,9,"{""type"":""MultiLineString"",""coordinates"":[[[-0.376405222,39.432342423],[-0.377034295,39.430519905],[-0.37700513,39.426957977],[-0.378195796,39.425046447],[-0.380919263,39.426358405],[-0.384770111,39.427966204],[-0.392607076,39.430314336],[-0.391121435,39.433958566],[-0.39072334,39.435078062],[-0.38869443,39.440109666],[-0.387111396,39.444233431],[-0.387277034,39.446922609],[-0.390555311,39.447666387],[-0.393464012,39.449071909],[-0.394329477,39.450291284],[-0.392899843,39.452448959],[-0.391738223,39.454119901],[-0.390608845,39.455871255],[-0.387952034,39.456605064],[-0.386756189,39.457989774],[-0.385954215,39.459732343],[-0.385407736,39.461398096],[-0.38229868,39.461610626],[-0.381215665,39.465966329],[-0.377826639,39.468393566]],[[-0.377826639,39.468393566],[-0.378030019,39.467883266],[-0.381809698,39.468172296],[-0.38367603,39.466137319],[-0.385570027,39.463825489],[-0.387347721,39.461846365],[-0.388602516,39.459298258],[-0.390244256,39.456852247],[-0.391998518,39.454170912],[-0.393310769,39.452234045],[-0.394520802,39.450423706],[-0.394472457,39.449104069],[-0.391191999,39.447297353],[-0.387226046,39.446393779],[-0.387533408,39.443686603],[-0.388946084,39.440114355],[-0.391038456,39.434817536],[-0.391611558,39.43329554],[-0.392912081,39.429929165],[-0.384976134,39.427867606],[-0.381416741,39.426426791],[-0.378032953,39.425077668],[-0.376871121,39.426914613],[-0.377148414,39.431306457],[-0.376405222,39.432342423]]]}",,Baja,,8185.30131004367,,,"['1', '3', '9', '19']",9,N/A,2024-05-21 00:00:00+00:00
90,RouteIntensity,Viernes,90,"{""type"":""MultiLineString"",""coordinates"":[[[-0.391507093,39.484112804],[-0.390687984,39.48589175],[-0.389585918,39.488118043],[-0.387211405,39.48902175],[-0.382922282,39.489982119],[-0.378675193,39.49088425],[-0.374852674,39.491753936],[-0.371558869,39.490142893],[-0.369074126,39.48827506],[-0.366171207,39.486132857],[-0.363380328,39.484073988],[-0.360317092,39.481812232],[-0.3581215,39.480124867],[-0.356596088,39.479013197],[-0.354839997,39.475831891],[-0.353158901,39.474325581],[-0.354259717,39.472049073],[-0.355406401,39.469622294],[-0.35641479,39.467662163]],[[-0.35641479,39.467662163],[-0.357835278,39.464631133],[-0.363291354,39.463436542],[-0.366451835,39.462143174],[-0.369335142,39.460924551],[-0.372790655,39.459452356],[-0.376472152,39.457904637],[-0.384248702,39.459082171],[-0.386002643,39.461543034],[-0.387351003,39.463391252],[-0.388386491,39.464925766],[-0.39017936,39.467395703],[-0.391763554,39.469621574],[-0.393799744,39.472500556],[-0.395314821,39.474622165],[-0.397308974,39.477529055],[-0.395161571,39.478667715],[-0.393231941,39.480421],[-0.391507093,39.484112804]]]}",,Baja,,9248.81176470588,,,"['4', '5', '14', '6']",C3,N/A,2024-05-21 00:00:00+00:00
92,RouteIntensity,Viernes,92,"{""type"":""MultiLineString"",""coordinates"":[[[-0.328802412,39.483501927],[-0.327856859,39.483928126],[-0.32814584,39.48110272],[-0.328148424,39.479117871],[-0.328164471,39.477378557],[-0.327852604,39.476248926],[-0.327898512,39.474291107],[-0.328272638,39.471601821],[-0.328529617,39.469861071],[-0.328805872,39.46811489],[-0.329133261,39.465609807],[-0.329473966,39.463786583],[-0.332714259,39.460480404],[-0.333827806,39.459195849],[-0.336108278,39.458802958],[-0.339331109,39.459048376],[-0.339545108,39.461045544],[-0.341652728,39.461831302],[-0.344618131,39.463105432],[-0.347461993,39.464157683],[-0.350460299,39.465043048],[-0.353412738,39.465906618],[-0.35625481,39.466414187],[-0.360447456,39.467885113],[-0.365818585,39.468488982],[-0.367606855,39.467785666],[-0.37076613,39.466443336],[-0.37328281,39.46538157],[-0.375009839,39.464579909],[-0.381037275,39.465269883],[-0.382753248,39.467632823],[-0.384685106,39.470257438],[-0.38613187,39.472321925],[-0.388011432,39.474943192],[-0.389588038,39.477145876],[-0.39127282,39.479463885],[-0.393283867,39.482233593],[-0.394693343,39.484395893],[-0.396103609,39.48504149]],[[-0.396103609,39.48504149],[-0.394820391,39.483478852],[-0.393394951,39.481693232],[-0.391689592,39.479268119],[-0.390097844,39.476993006],[-0.388891253,39.475348541],[-0.387292967,39.473032272],[-0.385102851,39.469990619],[-0.384010197,39.468463791],[-0.383029366,39.467092315],[-0.382265317,39.466015509],[-0.374659438,39.464356278],[-0.372258227,39.465303544],[-0.36950283,39.466468242],[-0.36744827,39.467329192],[-0.365597823,39.468145356],[-0.359970673,39.468002884],[-0.355979343,39.466762127],[-0.352663288,39.465773235],[-0.350846669,39.465236275],[-0.348057724,39.464414641],[-0.344191962,39.463306363],[-0.341827658,39.462537563],[-0.338157129,39.46152899],[-0.335810602,39.460773403],[-0.332496103,39.460357022],[-0.328745425,39.463739759],[-0.328484017,39.465627315],[-0.328305577,39.467233695],[-0.327974648,39.469400803],[-0.327649535,39.471664644],[-0.327376919,39.473469327],[-0.329062037,39.475436055],[-0.329760887,39.477246492],[-0.32963892,39.47976323],[-0.328802412,39.483501927]]]}",,Baja,,12643.8144104803,,,"['2', '3', '4', '6', '11', '12']",92,N/A,2024-05-21 00:00:00+00:00
93,RouteIntensity,Viernes,93,"{""type"":""MultiLineString"",""coordinates"":[[[-0.416107633,39.469710652],[-0.413211064,39.46923333],[-0.409895526,39.469576925],[-0.405752756,39.4695116],[-0.402520485,39.468965275],[-0.399923315,39.468554843],[-0.395633082,39.467938606],[-0.392311313,39.467233979],[-0.387617516,39.46642282],[-0.385132122,39.466002518],[-0.381938482,39.465481661],[-0.374659438,39.464356278],[-0.372258227,39.465303544],[-0.36950283,39.466468242],[-0.36744827,39.467329192],[-0.365597823,39.468145356],[-0.359977247,39.468649836],[-0.358289505,39.470172883],[-0.356893359,39.472815795],[-0.355779122,39.475063403],[-0.353855488,39.478970136],[-0.351856625,39.480775891],[-0.347228853,39.480107162],[-0.343761166,39.479154342],[-0.340036009,39.478115465],[-0.33593202,39.476929744],[-0.329222221,39.475064794],[-0.324609458,39.474264536]],[[-0.324609458,39.474264536],[-0.329062037,39.475436055],[-0.334360818,39.476951746],[-0.339907116,39.478523475],[-0.344696094,39.479906255],[-0.347540987,39.48082278],[-0.352682709,39.48119627],[-0.354269787,39.479698351],[-0.356501299,39.475384096],[-0.357819396,39.472798864],[-0.358644892,39.470826232],[-0.360204879,39.469483364],[-0.365818585,39.468488982],[-0.367606855,39.467785666],[-0.37076613,39.466443336],[-0.37328281,39.46538157],[-0.375009839,39.464579909],[-0.381949951,39.466449935],[-0.385139389,39.470485097],[-0.388104252,39.469861219],[-0.392337302,39.468980958],[-0.396038982,39.468379717],[-0.400003313,39.469099892],[-0.403209869,39.469609705],[-0.405578506,39.470133176],[-0.411555926,39.469869707],[-0.414158499,39.469719866],[-0.416107633,39.469710652]]]}",,Baja,,8236.70114942529,,,"['2', '3', '6', '7', '8', '11', '13']",93,N/A,2024-05-21 00:00:00+00:00
94,RouteIntensity,Viernes,94,"{""type"":""MultiLineString"",""coordinates"":[[[-0.395882031,39.485590016],[-0.392637862,39.487183409],[-0.390596837,39.4880195],[-0.388599753,39.487236824],[-0.386399007,39.484898147],[-0.384989701,39.483100924],[-0.381429058,39.482656831],[-0.379532036,39.482819223],[-0.375359517,39.481643198],[-0.374267762,39.478721579],[-0.371227802,39.476979027],[-0.36967118,39.473877708],[-0.367746389,39.47167473],[-0.365870289,39.470684297],[-0.360470627,39.4672538],[-0.359467836,39.465259682],[-0.358793009,39.463186274],[-0.35679201,39.460974466],[-0.352962141,39.459435497],[-0.350261128,39.457570317],[-0.345022999,39.457584895],[-0.341810669,39.457843934]],[[-0.341810669,39.457843934],[-0.345891154,39.457428927],[-0.350032023,39.457718044],[-0.352594353,39.459521648],[-0.356590329,39.461559819],[-0.358412299,39.463167261],[-0.359396623,39.465781835],[-0.360447456,39.467885113],[-0.364137699,39.469289632],[-0.367775941,39.472270453],[-0.364841099,39.474004158],[-0.36682906,39.476445195],[-0.371316841,39.479006841],[-0.374011091,39.480907778],[-0.375496179,39.482006222],[-0.377766786,39.482923947],[-0.381205307,39.482982546],[-0.383178062,39.48381269],[-0.385629897,39.485485164],[-0.386812994,39.486357684],[-0.389068909,39.488334701],[-0.391460958,39.488037244],[-0.394024094,39.486923332],[-0.395882031,39.485590016]]]}",,Alta,,4610.55813953488,,,"['1', '2', '4', '5', '6', '12']",94,N/A,2024-05-21 00:00:00+00:00
95,RouteIntensity,Viernes,95,"{""type"":""MultiLineString"",""coordinates"":[[[-0.325982593,39.463188155],[-0.328610422,39.463094198],[-0.332714259,39.460480404],[-0.332269643,39.458314756],[-0.330844763,39.456353087],[-0.330657854,39.454493937],[-0.333682547,39.451938153],[-0.334156178,39.450237299],[-0.334608861,39.448538737],[-0.336228642,39.449761003],[-0.340384468,39.450730387],[-0.34623883,39.45189311],[-0.347419109,39.452231748],[-0.350199794,39.453029169],[-0.353524296,39.454889919],[-0.356172748,39.457090333],[-0.358717027,39.459861612],[-0.360132571,39.461807295],[-0.361134857,39.46431877],[-0.362558417,39.466837753],[-0.364137699,39.469289632],[-0.367775941,39.472270453],[-0.364841099,39.474004158],[-0.36682906,39.476445195],[-0.371316841,39.479006841],[-0.374011091,39.480907778],[-0.375496179,39.482006222],[-0.377766786,39.482923947],[-0.381205307,39.482982546],[-0.384438073,39.481746325],[-0.387708753,39.480211917],[-0.392915336,39.478422122],[-0.396420856,39.476884426],[-0.397808725,39.476322912],[-0.401163513,39.475638362],[-0.404597909,39.474946618],[-0.405593186,39.472083259],[-0.406562441,39.468643283],[-0.405497102,39.468665863]],[[-0.405497102,39.468665863],[-0.40504421,39.470641957],[-0.405338479,39.472451187],[-0.402464006,39.473523553],[-0.399315005,39.474127155],[-0.396753859,39.474647789],[-0.393586452,39.475973527],[-0.390681822,39.47718409],[-0.384303048,39.479607174],[-0.380981061,39.481075169],[-0.377759031,39.480375106],[-0.375251024,39.479093766],[-0.371227802,39.476979027],[-0.36967118,39.473877708],[-0.367746389,39.47167473],[-0.364879032,39.469526997],[-0.362831781,39.466328646],[-0.361268121,39.463451448],[-0.360423852,39.461657284],[-0.35857438,39.459171585],[-0.356763998,39.456745232],[-0.354344038,39.454617256],[-0.3503647,39.452904491],[-0.34771226,39.452089361],[-0.344803879,39.451493067],[-0.340462369,39.450569237],[-0.336285926,39.449626688],[-0.333133195,39.448453672],[-0.332428775,39.450559096],[-0.332064564,39.451857132],[-0.329974583,39.455062612],[-0.332496103,39.460357022],[-0.328577409,39.462895929],[-0.325982593,39.463188155]]]}",,Alta,,7916.83720930233,,,"['2', '4', '5', '6', '7', '10', '11']",95,N/A,2024-05-21 00:00:00+00:00
