trip_id,start_time,end_time,headway_secs,ROUTE_ID,SHORT,Servicio,num_paradas,trayectos
1018D2I,06:00:00,06:23:00,1380,5,C1,FES,9,1
1018D2I,06:23:00,07:21:00,1160,5,C1,FES,9,3
1018D2I,07:21:00,20:59:00,591,5,C1,FES,9,83
1018D2I,20:59:00,22:08:00,840,5,C1,FES,9,5
1018D2V,06:15:00,06:39:00,1440,5,C1,FES,10,1
1018D2V,06:39:00,07:37:00,1160,5,C1,FES,10,3
1018D2V,07:37:00,20:49:00,594,5,C1,FES,10,80
1018D2V,20:49:00,22:00:00,855,5,C1,FES,10,5
1018D0I,06:00:00,06:25:00,1500,5,C1,LAB,9,1
1018D0I,06:25:00,06:50:00,750,5,C1,LAB,9,2
1018D0I,06:50:00,21:03:00,478,5,C1,LAB,9,107
1018D0I,21:03:00,22:00:00,780,5,C1,LAB,9,4
1018D0V,06:17:00,06:42:00,1500,5,C1,LAB,10,1
1018D0V,06:42:00,07:07:00,750,5,C1,LAB,10,2
1018D0V,07:07:00,20:54:00,482,5,C1,LAB,10,103
1018D0V,20:54:00,21:50:00,800,5,C1,LAB,10,4
1018D1I,06:00:00,06:23:00,1380,5,C1,SAB,9,1
1018D1I,06:23:00,07:21:00,1160,5,C1,SAB,9,3
1018D1I,07:21:00,20:59:00,591,5,C1,SAB,9,83
1018D1I,20:59:00,22:08:00,840,5,C1,SAB,9,5
1018D1V,06:15:00,06:39:00,1440,5,C1,SAB,10,1
1018D1V,06:39:00,07:37:00,1160,5,C1,SAB,10,3
1018D1V,07:37:00,20:49:00,594,5,C1,SAB,10,80
1018D1V,20:49:00,22:00:00,855,5,C1,SAB,10,5
1034D2I,07:15:00,08:00:00,2700,28,28,FES,16,1
1034D2I,08:00:00,08:49:00,1470,28,28,FES,16,2
1034D2I,08:49:00,23:00:00,821,28,28,FES,16,62
1034D2I,23:00:00,23:50:00,3000,28,28,FES,16,1
1034D2I,23:50:00,00:40:00,3000,28,28,FES,16,1
1034D2I,00:40:00,01:30:00,3000,28,28,FES,16,1
1034D2V,06:50:00,07:35:00,2700,28,28,FES,21,1
1034D2V,07:35:00,08:23:00,1440,28,28,FES,21,2
1034D2V,08:23:00,22:35:00,837,28,28,FES,21,61
1034D2V,22:35:00,23:25:00,3000,28,28,FES,21,1
1034D2V,23:25:00,00:15:00,3000,28,28,FES,21,1
1034D2V,00:15:00,01:05:00,3000,28,28,FES,21,1
1034D0I,05:55:00,06:25:00,1800,28,28,LAB,16,1
1034D0I,06:25:00,08:08:00,773,28,28,LAB,16,8
1034D0I,08:08:00,20:59:00,487,28,28,LAB,16,95
1034D0I,20:59:00,22:15:00,640,28,28,LAB,16,7
1034D0I,22:15:00,23:00:00,2700,28,28,LAB,16,1
1034D0I,23:00:00,23:50:00,3000,28,28,LAB,16,1
1034D0I,23:50:00,00:40:00,3000,28,28,LAB,16,1
1034D0I,00:40:00,01:30:00,3000,28,28,LAB,16,1
1034D0V,05:30:00,06:00:00,1800,28,28,LAB,21,1
1034D0V,06:00:00,07:56:00,773,28,28,LAB,21,9
1034D0V,07:56:00,08:05:00,1080,28,28,LAB,21,0
1034D0V,08:05:00,08:13:00,240,28,28,LAB,21,2
1034D0V,08:13:00,08:28:00,900,28,28,LAB,21,1
1034D0V,08:28:00,08:35:00,420,28,28,LAB,21,1
1034D0V,08:35:00,21:04:00,494,28,28,LAB,21,91
1034D0V,21:04:00,22:15:00,710,28,28,LAB,21,6
1034D0V,22:15:00,22:35:00,1200,28,28,LAB,21,1
1034D0V,22:35:00,23:25:00,3000,28,28,LAB,21,1
1034D0V,23:25:00,00:15:00,3000,28,28,LAB,21,1
1034D0V,00:15:00,01:05:00,3000,28,28,LAB,21,1
1034D1I,05:55:00,06:42:00,2820,28,28,SAB,16,1
1034D1I,06:42:00,07:54:00,2160,28,28,SAB,16,2
1034D1I,07:54:00,08:30:00,1080,28,28,SAB,16,2
1034D1I,08:30:00,23:00:00,715,28,28,SAB,16,73
1034D1I,23:00:00,03:10:00,1500,28,28,SAB,16,10
1034D1V,05:30:00,06:17:00,2820,28,28,SAB,21,1
1034D1V,06:17:00,07:27:00,2100,28,28,SAB,21,2
1034D1V,07:27:00,08:03:00,1080,28,28,SAB,21,2
1034D1V,08:03:00,09:15:00,864,28,28,SAB,21,5
1034D1V,09:15:00,09:26:00,1320,28,28,SAB,21,0
1034D1V,09:26:00,09:37:00,660,28,28,SAB,21,1
1034D1V,09:37:00,23:00:00,730,28,28,SAB,21,66
1034D1V,23:00:00,02:45:00,1500,28,28,SAB,21,9
1016D2I,07:40:00,08:20:00,2400,95,95,FES,39,1
1016D2I,08:20:00,12:56:00,1380,95,95,FES,39,12
1016D2I,12:56:00,22:05:00,1063,95,95,FES,39,31
1016D2I,22:05:00,22:30:00,1500,95,95,FES,39,1
1016D2V,07:40:00,08:20:00,2400,95,95,FES,34,1
1016D2V,08:20:00,12:56:00,1380,95,95,FES,34,12
1016D2V,12:56:00,22:05:00,1063,95,95,FES,34,31
1016D2V,22:05:00,22:30:00,1500,95,95,FES,34,1
1016D0I,06:30:00,06:48:00,1080,95,95,LAB,39,1
1016D0I,06:48:00,07:32:00,880,95,95,LAB,39,3
1016D0I,07:32:00,08:00:00,840,95,95,LAB,39,2
1016D0I,08:00:00,08:08:00,1020,95,95,LAB,39,0
1016D0I,08:08:00,08:17:00,540,95,95,LAB,39,1
1016D0I,08:17:00,08:33:00,960,95,95,LAB,39,1
1016D0I,08:33:00,08:42:00,1020,95,95,LAB,39,1
1016D0I,08:42:00,08:51:00,540,95,95,LAB,39,1
1016D0I,08:51:00,14:41:00,488,95,95,LAB,39,43
1016D0I,14:41:00,21:50:00,677,95,95,LAB,39,38
1016D0I,21:50:00,22:20:00,900,95,95,LAB,39,2
1016D0V,06:30:00,06:48:00,1080,95,95,LAB,34,1
1016D0V,06:48:00,07:32:00,880,95,95,LAB,34,3
1016D0V,07:32:00,08:00:00,840,95,95,LAB,34,2
1016D0V,08:00:00,08:08:00,1020,95,95,LAB,34,0
1016D0V,08:08:00,08:17:00,540,95,95,LAB,34,1
1016D0V,08:17:00,08:33:00,960,95,95,LAB,34,1
1016D0V,08:33:00,08:42:00,1020,95,95,LAB,34,1
1016D0V,08:42:00,08:51:00,540,95,95,LAB,34,1
1016D0V,08:51:00,14:41:00,488,95,95,LAB,34,43
1016D0V,14:41:00,21:50:00,677,95,95,LAB,34,38
1016D0V,21:50:00,22:20:00,900,95,95,LAB,34,2
1016D1I,07:00:00,07:47:00,2820,95,95,SAB,39,1
1016D1I,07:47:00,08:33:00,1380,95,95,SAB,39,2
1016D1I,08:33:00,11:23:00,1133,95,95,SAB,39,9
1016D1I,11:23:00,11:39:00,1860,95,95,SAB,39,1
1016D1I,11:39:00,11:55:00,960,95,95,SAB,39,1
1016D1I,11:55:00,22:25:00,971,95,95,SAB,39,39
1016D1V,07:00:00,07:47:00,2820,95,95,SAB,34,1
1016D1V,07:47:00,08:33:00,1380,95,95,SAB,34,2
1016D1V,08:33:00,11:23:00,1133,95,95,SAB,34,9
1016D1V,11:23:00,11:39:00,1860,95,95,SAB,34,1
1016D1V,11:39:00,11:55:00,960,95,95,SAB,34,1
1016D1V,11:55:00,22:25:00,971,95,95,SAB,34,39
1017D2I,07:11:00,08:06:00,3300,4,4,FES,25,1
1017D2I,08:06:00,22:50:00,947,4,4,FES,25,56
1017D2I,22:50:00,23:20:00,1800,4,4,FES,25,1
1017D2I,23:20:00,00:25:00,3900,4,4,FES,25,1
1017D2I,00:25:00,01:30:00,3900,4,4,FES,25,1
1017D2V,06:45:00,07:40:00,3300,4,4,FES,23,1
1017D2V,07:40:00,09:41:00,1037,4,4,FES,23,7
1017D2V,09:41:00,09:54:00,1500,4,4,FES,23,1
1017D2V,09:54:00,10:07:00,780,4,4,FES,23,1
1017D2V,10:07:00,19:41:00,957,4,4,FES,23,36
1017D2V,19:41:00,19:55:00,1680,4,4,FES,23,0
1017D2V,19:55:00,20:09:00,840,4,4,FES,23,1
1017D2V,20:09:00,22:50:00,990,4,4,FES,23,10
1017D2V,22:50:00,23:55:00,3900,4,4,FES,23,1
1017D2V,23:55:00,01:00:00,3900,4,4,FES,23,1
1017D0I,06:18:00,06:50:00,1920,4,4,LAB,25,1
1017D0I,06:50:00,07:34:00,1320,4,4,LAB,25,2
1017D0I,07:34:00,21:45:00,608,4,4,LAB,25,84
1017D0I,21:45:00,22:45:00,1200,4,4,LAB,25,3
1017D0I,22:45:00,23:20:00,2100,4,4,LAB,25,1
1017D0I,23:20:00,00:25:00,3900,4,4,LAB,25,1
1017D0I,00:25:00,01:30:00,3900,4,4,LAB,25,1
1017D0V,05:50:00,06:20:00,1800,4,4,LAB,23,1
1017D0V,06:20:00,07:00:00,1200,4,4,LAB,23,2
1017D0V,07:00:00,07:59:00,708,4,4,LAB,23,5
1017D0V,07:59:00,08:08:00,1080,4,4,LAB,23,0
1017D0V,08:08:00,08:16:00,480,4,4,LAB,23,1
1017D0V,08:16:00,08:51:00,700,4,4,LAB,23,3
1017D0V,08:51:00,09:00:00,1020,4,4,LAB,23,1
1017D0V,09:00:00,09:09:00,540,4,4,LAB,23,1
1017D0V,09:09:00,19:28:00,599,4,4,LAB,23,62
1017D0V,19:28:00,19:38:00,1200,4,4,LAB,23,0
1017D0V,19:38:00,19:49:00,660,4,4,LAB,23,1
1017D0V,19:49:00,21:13:00,720,4,4,LAB,23,7
1017D0V,21:13:00,22:50:00,930,4,4,LAB,23,6
1017D0V,22:50:00,23:55:00,3900,4,4,LAB,23,1
1017D0V,23:55:00,01:00:00,3900,4,4,LAB,23,1
1017D1I,06:31:00,07:02:00,1860,4,4,SAB,25,1
1017D1I,07:02:00,08:45:00,1545,4,4,SAB,25,4
1017D1I,08:45:00,23:20:00,847,4,4,SAB,25,62
1017D1I,23:20:00,03:05:00,1950,4,4,SAB,25,7
1017D1V,06:05:00,06:35:00,1800,4,4,SAB,23,1
1017D1V,06:35:00,08:15:00,1500,4,4,SAB,23,4
1017D1V,08:15:00,09:26:00,1065,4,4,SAB,23,4
1017D1V,09:26:00,09:39:00,1620,4,4,SAB,23,0
1017D1V,09:39:00,09:52:00,780,4,4,SAB,23,1
1017D1V,09:52:00,16:37:00,900,4,4,SAB,23,27
1017D1V,16:37:00,16:49:00,1440,4,4,SAB,23,0
1017D1V,16:49:00,17:01:00,720,4,4,SAB,23,1
1017D1V,17:01:00,22:50:00,805,4,4,SAB,23,26
1017D1V,22:50:00,03:10:00,1929,4,4,SAB,23,8
1005D2I,06:35:00,07:45:00,4200,6,6,FES,32,1
1005D2I,07:45:00,08:12:00,1620,6,6,FES,32,1
1005D2I,08:12:00,22:20:00,1158,6,6,FES,32,44
1005D2V,07:10:00,08:00:00,3000,6,6,FES,30,1
1005D2V,08:00:00,22:15:00,1165,6,6,FES,30,44
1005D0I,05:30:00,06:00:00,1800,6,6,LAB,32,1
1005D0I,06:00:00,06:51:00,1020,6,6,LAB,32,3
1005D0I,06:51:00,07:48:00,684,6,6,LAB,32,5
1005D0I,07:48:00,08:04:00,1440,6,6,LAB,32,1
1005D0I,08:04:00,08:13:00,1020,6,6,LAB,32,1
1005D0I,08:13:00,08:22:00,540,6,6,LAB,32,1
1005D0I,08:22:00,08:40:00,1080,6,6,LAB,32,1
1005D0I,08:40:00,08:49:00,1080,6,6,LAB,32,0
1005D0I,08:49:00,08:58:00,540,6,6,LAB,32,1
1005D0I,08:58:00,21:35:00,622,6,6,LAB,32,73
1005D0I,21:35:00,22:25:00,960,6,6,LAB,32,3
1005D0V,05:45:00,06:05:00,1200,6,6,LAB,30,1
1005D0V,06:05:00,07:33:00,754,6,6,LAB,30,7
1005D0V,07:33:00,07:53:00,1200,6,6,LAB,30,1
1005D0V,07:53:00,08:03:00,600,6,6,LAB,30,1
1005D0V,08:03:00,22:20:00,609,6,6,LAB,30,84
1005D1I,05:40:00,06:20:00,2400,6,6,SAB,32,1
1005D1I,06:20:00,07:20:00,1800,6,6,SAB,32,2
1005D1I,07:20:00,09:57:00,1047,6,6,SAB,32,9
1005D1I,09:57:00,10:10:00,1560,6,6,SAB,32,0
1005D1I,10:10:00,10:24:00,840,6,6,SAB,32,1
1005D1I,10:24:00,22:15:00,942,6,6,SAB,32,45
1005D1V,05:45:00,06:22:00,2220,6,6,SAB,30,1
1005D1V,06:22:00,07:19:00,1710,6,6,SAB,30,2
1005D1V,07:19:00,18:22:00,995,6,6,SAB,30,40
1005D1V,18:22:00,18:37:00,1800,6,6,SAB,30,0
1005D1V,18:37:00,18:52:00,900,6,6,SAB,30,1
1005D1V,18:52:00,22:15:00,915,6,6,SAB,30,13
964D2I,07:25:00,08:11:00,2760,7,7,FES,16,1
964D2I,08:11:00,23:00:00,997,7,7,FES,16,54
964D2I,23:00:00,23:55:00,3300,7,7,FES,16,1
964D2I,23:55:00,00:50:00,3300,7,7,FES,16,1
964D2I,00:50:00,01:40:00,3000,7,7,FES,16,1
964D2V,07:00:00,07:47:00,2820,7,7,FES,17,1
964D2V,07:47:00,22:35:00,1015,7,7,FES,17,52
964D2V,22:35:00,23:25:00,3000,7,7,FES,17,1
964D2V,23:25:00,00:20:00,3300,7,7,FES,17,1
964D2V,00:20:00,01:15:00,3300,7,7,FES,17,1
964D0I,06:05:00,06:30:00,1500,7,7,LAB,16,1
964D0I,06:30:00,07:35:00,1300,7,7,LAB,16,3
964D0I,07:35:00,23:00:00,752,7,7,LAB,16,74
964D0I,23:00:00,23:55:00,3300,7,7,LAB,16,1
964D0I,23:55:00,00:50:00,3300,7,7,LAB,16,1
964D0I,00:50:00,01:40:00,3000,7,7,LAB,16,1
964D0V,05:40:00,06:05:00,1500,7,7,LAB,17,1
964D0V,06:05:00,07:06:00,1220,7,7,LAB,17,3
964D0V,07:06:00,08:37:00,910,7,7,LAB,17,6
964D0V,08:37:00,08:49:00,1380,7,7,LAB,17,1
964D0V,08:49:00,09:01:00,720,7,7,LAB,17,1
964D0V,09:01:00,19:51:00,736,7,7,LAB,17,53
964D0V,19:51:00,20:05:00,1680,7,7,LAB,17,0
964D0V,20:05:00,20:20:00,900,7,7,LAB,17,1
964D0V,20:20:00,22:35:00,863,7,7,LAB,17,9
964D0V,22:35:00,23:25:00,3000,7,7,LAB,17,1
964D0V,23:25:00,00:20:00,3300,7,7,LAB,17,1
964D0V,00:20:00,01:15:00,3300,7,7,LAB,17,1
964D1I,06:25:00,06:49:00,1440,7,7,SAB,16,1
964D1I,06:49:00,08:41:00,1344,7,7,SAB,16,5
964D1I,08:41:00,21:36:00,861,7,7,SAB,16,54
964D1I,21:36:00,23:00:00,1180,7,7,SAB,16,4
964D1I,23:00:00,23:55:00,3300,7,7,SAB,16,1
964D1I,23:55:00,00:50:00,3300,7,7,SAB,16,1
964D1I,00:50:00,01:40:00,3000,7,7,SAB,16,1
964D1I,01:40:00,02:30:00,3000,7,7,SAB,16,1
964D1I,02:30:00,03:20:00,3000,7,7,SAB,16,1
964D1V,06:00:00,06:25:00,1500,7,7,SAB,17,1
964D1V,06:25:00,08:14:00,1308,7,7,SAB,17,5
964D1V,08:14:00,22:30:00,875,7,7,SAB,17,59
964D1V,22:30:00,23:25:00,3300,7,7,SAB,17,1
964D1V,23:25:00,00:20:00,3300,7,7,SAB,17,1
964D1V,00:20:00,01:15:00,3300,7,7,SAB,17,1
964D1V,01:15:00,02:05:00,3000,7,7,SAB,17,1
964D1V,02:05:00,02:55:00,3000,7,7,SAB,17,1
1019D2I,07:15:00,07:40:00,1500,8,8,FES,14,1
1019D2I,07:40:00,08:42:00,1240,8,8,FES,14,3
1019D2I,08:42:00,22:50:00,796,8,8,FES,14,64
1019D2I,22:50:00,23:40:00,3000,8,8,FES,14,1
1019D2I,23:40:00,00:30:00,3000,8,8,FES,14,1
1019D2I,00:30:00,01:20:00,3000,8,8,FES,14,1
1019D2V,07:15:00,07:40:00,1500,8,8,FES,19,1
1019D2V,07:40:00,08:20:00,1200,8,8,FES,19,2
1019D2V,08:20:00,22:25:00,804,8,8,FES,19,63
1019D2V,22:25:00,23:15:00,3000,8,8,FES,19,1
1019D2V,23:15:00,00:05:00,3000,8,8,FES,19,1
1019D2V,00:05:00,00:55:00,3000,8,8,FES,19,1
1019D2V,00:55:00,01:45:00,3000,8,8,FES,19,1
1019D0I,05:50:00,06:16:00,1560,8,8,LAB,14,1
1019D0I,06:16:00,22:50:00,639,8,8,LAB,14,93
1019D0I,22:50:00,23:40:00,3000,8,8,LAB,14,1
1019D0I,23:40:00,00:30:00,3000,8,8,LAB,14,1
1019D0I,00:30:00,01:20:00,3000,8,8,LAB,14,1
1019D0V,05:50:00,06:20:00,1800,8,8,LAB,19,1
1019D0V,06:20:00,07:26:00,990,8,8,LAB,19,4
1019D0V,07:26:00,07:55:00,870,8,8,LAB,19,2
1019D0V,07:55:00,08:04:00,1080,8,8,LAB,19,0
1019D0V,08:04:00,08:14:00,600,8,8,LAB,19,1
1019D0V,08:14:00,18:00:00,676,8,8,LAB,19,52
1019D0V,18:00:00,18:11:00,1260,8,8,LAB,19,1
1019D0V,18:11:00,18:21:00,600,8,8,LAB,19,1
1019D0V,18:21:00,22:25:00,605,8,8,LAB,19,24
1019D0V,22:25:00,23:15:00,3000,8,8,LAB,19,1
1019D0V,23:15:00,00:05:00,3000,8,8,LAB,19,1
1019D0V,00:05:00,00:55:00,3000,8,8,LAB,19,1
1019D0V,00:55:00,01:45:00,3000,8,8,LAB,19,1
1019D1I,07:00:00,07:25:00,1500,8,8,SAB,14,1
1019D1I,07:25:00,08:31:00,1320,8,8,SAB,14,3
1019D1I,08:31:00,20:48:00,776,8,8,SAB,14,57
1019D1I,20:48:00,20:57:00,1080,8,8,SAB,14,0
1019D1I,20:57:00,21:06:00,540,8,8,SAB,14,1
1019D1I,21:06:00,22:50:00,593,8,8,SAB,14,11
1019D1I,22:50:00,23:40:00,3000,8,8,SAB,14,1
1019D1I,23:40:00,00:30:00,3000,8,8,SAB,14,1
1019D1I,00:30:00,01:20:00,3000,8,8,SAB,14,1
1019D1I,01:20:00,02:10:00,3000,8,8,SAB,14,1
1019D1I,02:10:00,03:00:00,3000,8,8,SAB,14,1
1019D1V,06:35:00,07:00:00,1500,8,8,SAB,19,1
1019D1V,07:00:00,08:05:00,1300,8,8,SAB,19,3
1019D1V,08:05:00,09:24:00,948,8,8,SAB,19,5
1019D1V,09:24:00,09:36:00,1440,8,8,SAB,19,0
1019D1V,09:36:00,09:48:00,720,8,8,SAB,19,1
1019D1V,09:48:00,18:37:00,794,8,8,SAB,19,40
1019D1V,18:37:00,18:48:00,1380,8,8,SAB,19,0
1019D1V,18:48:00,19:00:00,720,8,8,SAB,19,1
1019D1V,19:00:00,22:25:00,650,8,8,SAB,19,19
1019D1V,22:25:00,23:15:00,3000,8,8,SAB,19,1
1019D1V,23:15:00,00:05:00,3000,8,8,SAB,19,1
1019D1V,00:05:00,00:55:00,3000,8,8,SAB,19,1
1019D1V,00:55:00,01:45:00,3000,8,8,SAB,19,1
1019D1V,01:45:00,02:35:00,3000,8,8,SAB,19,1
922D2I,06:40:00,07:20:00,2400,9,9,FES,25,1
922D2I,07:20:00,08:10:00,1500,9,9,FES,25,2
922D2I,08:10:00,22:40:00,885,9,9,FES,25,59
922D2I,22:40:00,23:10:00,1800,9,9,FES,25,1
922D2I,23:10:00,01:30:00,2100,9,9,FES,25,4
922D2V,06:05:00,06:45:00,2400,9,9,FES,25,1
922D2V,06:45:00,08:03:00,1560,9,9,FES,25,3
922D2V,08:03:00,11:14:00,955,9,9,FES,25,12
922D2V,11:14:00,11:27:00,1560,9,9,FES,25,0
922D2V,11:27:00,11:40:00,780,9,9,FES,25,1
922D2V,11:40:00,17:17:00,963,9,9,FES,25,21
922D2V,17:17:00,17:30:00,1560,9,9,FES,25,0
922D2V,17:30:00,17:44:00,840,9,9,FES,25,1
922D2V,17:44:00,19:43:00,893,9,9,FES,25,8
922D2V,19:43:00,19:54:00,1380,9,9,FES,25,0
922D2V,19:54:00,20:05:00,660,9,9,FES,25,1
922D2V,20:05:00,22:40:00,775,9,9,FES,25,12
922D2V,22:40:00,23:15:00,2100,9,9,FES,25,1
922D2V,23:15:00,02:10:00,2100,9,9,FES,25,5
922D0I,06:15:00,06:42:00,1620,9,9,LAB,25,1
922D0I,06:42:00,07:20:00,1140,9,9,LAB,25,2
922D0I,07:20:00,23:10:00,600,9,9,LAB,25,95
922D0I,23:10:00,01:30:00,2100,9,9,LAB,25,4
922D0V,05:40:00,06:05:00,1500,9,9,LAB,25,1
922D0V,06:05:00,07:04:00,885,9,9,LAB,25,4
922D0V,07:04:00,08:12:00,583,9,9,LAB,25,7
922D0V,08:12:00,08:28:00,1440,9,9,LAB,25,1
922D0V,08:28:00,08:37:00,1020,9,9,LAB,25,1
922D0V,08:37:00,08:46:00,540,9,9,LAB,25,1
922D0V,08:46:00,19:29:00,576,9,9,LAB,25,67
922D0V,19:29:00,19:37:00,960,9,9,LAB,25,0
922D0V,19:37:00,19:45:00,480,9,9,LAB,25,1
922D0V,19:45:00,20:10:00,750,9,9,LAB,25,2
922D0V,20:10:00,20:19:00,1020,9,9,LAB,25,1
922D0V,20:19:00,20:28:00,540,9,9,LAB,25,1
922D0V,20:28:00,22:40:00,660,9,9,LAB,25,12
922D0V,22:40:00,23:15:00,2100,9,9,LAB,25,1
922D0V,23:15:00,02:10:00,2100,9,9,LAB,25,5
922D1I,06:15:00,06:52:00,2220,9,9,SAB,25,1
922D1I,06:52:00,07:46:00,1620,9,9,SAB,25,2
922D1I,07:46:00,08:14:00,840,9,9,SAB,25,2
922D1I,08:14:00,14:51:00,681,9,9,SAB,25,35
922D1I,14:51:00,23:10:00,855,9,9,SAB,25,35
922D1I,23:10:00,03:15:00,2100,9,9,SAB,25,7
922D1V,05:40:00,06:18:00,2280,9,9,SAB,25,1
922D1V,06:18:00,07:10:00,1560,9,9,SAB,25,2
922D1V,07:10:00,08:15:00,975,9,9,SAB,25,4
922D1V,08:15:00,13:42:00,654,9,9,SAB,25,30
922D1V,13:42:00,21:29:00,876,9,9,SAB,25,32
922D1V,21:29:00,21:44:00,1740,9,9,SAB,25,1
922D1V,21:44:00,21:58:00,840,9,9,SAB,25,1
922D1V,21:58:00,23:15:00,1155,9,9,SAB,25,4
922D1V,23:15:00,03:10:00,2050,9,9,SAB,25,7
923D2I,07:25:00,08:05:00,2400,10,10,FES,35,1
923D2I,08:05:00,08:59:00,1620,10,10,FES,35,2
923D2I,08:59:00,22:50:00,1075,10,10,FES,35,46
923D2I,22:50:00,23:30:00,2400,10,10,FES,35,1
923D2I,23:30:00,00:10:00,2400,10,10,FES,35,1
923D2I,00:10:00,00:50:00,2400,10,10,FES,35,1
923D2I,00:50:00,01:30:00,2400,10,10,FES,35,1
923D2V,06:45:00,07:25:00,2400,10,10,FES,26,1
923D2V,07:25:00,08:20:00,1650,10,10,FES,26,2
923D2V,08:20:00,20:09:00,1150,10,10,FES,26,37
923D2V,20:09:00,20:25:00,1860,10,10,FES,26,1
923D2V,20:25:00,20:41:00,960,10,10,FES,26,1
923D2V,20:41:00,22:50:00,891,10,10,FES,26,9
923D2V,22:50:00,23:30:00,2400,10,10,FES,26,1
923D2V,23:30:00,00:10:00,2400,10,10,FES,26,1
923D2V,00:10:00,00:50:00,2400,10,10,FES,26,1
923D2V,00:50:00,01:30:00,2400,10,10,FES,26,1
923D0I,06:40:00,07:05:00,1500,10,10,LAB,35,1
923D0I,07:05:00,07:45:00,1200,10,10,LAB,35,2
923D0I,07:45:00,19:39:00,691,10,10,LAB,35,62
923D0I,19:39:00,19:49:00,1140,10,10,LAB,35,1
923D0I,19:49:00,19:59:00,600,10,10,LAB,35,1
923D0I,19:59:00,22:50:00,651,10,10,LAB,35,16
923D0I,22:50:00,23:30:00,2400,10,10,LAB,35,1
923D0I,23:30:00,00:10:00,2400,10,10,LAB,35,1
923D0I,00:10:00,00:50:00,2400,10,10,LAB,35,1
923D0I,00:50:00,01:30:00,2400,10,10,LAB,35,1
923D0V,06:00:00,06:25:00,1500,10,10,LAB,26,1
923D0V,06:25:00,09:05:00,800,10,10,LAB,26,12
923D0V,09:05:00,09:17:00,1380,10,10,LAB,26,1
923D0V,09:17:00,09:29:00,720,10,10,LAB,26,1
923D0V,09:29:00,19:54:00,682,10,10,LAB,26,55
923D0V,19:54:00,20:04:00,1200,10,10,LAB,26,0
923D0V,20:04:00,20:14:00,600,10,10,LAB,26,1
923D0V,20:14:00,22:10:00,758,10,10,LAB,26,9
923D0V,22:10:00,22:50:00,2400,10,10,LAB,26,1
923D0V,22:50:00,23:30:00,2400,10,10,LAB,26,1
923D0V,23:30:00,00:10:00,2400,10,10,LAB,26,1
923D0V,00:10:00,00:50:00,2400,10,10,LAB,26,1
923D0V,00:50:00,01:30:00,2400,10,10,LAB,26,1
923D1I,06:35:00,07:25:00,3000,10,10,SAB,35,1
923D1I,07:25:00,08:13:00,1440,10,10,SAB,35,2
923D1I,08:13:00,22:10:00,965,10,10,SAB,35,52
923D1I,22:10:00,22:50:00,2400,10,10,SAB,35,1
923D1I,22:50:00,23:30:00,2400,10,10,SAB,35,1
923D1I,23:30:00,00:10:00,2400,10,10,SAB,35,1
923D1I,00:10:00,00:50:00,2400,10,10,SAB,35,1
923D1I,00:50:00,01:30:00,2400,10,10,SAB,35,1
923D1I,01:30:00,02:15:00,2700,10,10,SAB,35,1
923D1I,02:15:00,03:00:00,2700,10,10,SAB,35,1
923D1V,06:40:00,07:15:00,2100,10,10,SAB,26,1
923D1V,07:15:00,08:23:00,1360,10,10,SAB,26,3
923D1V,08:23:00,09:04:00,1230,10,10,SAB,26,2
923D1V,09:04:00,09:17:00,1560,10,10,SAB,26,0
923D1V,09:17:00,09:30:00,390,10,10,SAB,26,2
923D1V,09:30:00,09:56:00,1560,10,10,SAB,26,1
923D1V,09:56:00,10:09:00,780,10,10,SAB,26,1
923D1V,10:09:00,21:36:00,1005,10,10,SAB,26,41
923D1V,21:36:00,21:51:00,1740,10,10,SAB,26,1
923D1V,21:51:00,22:05:00,840,10,10,SAB,26,1
923D1V,22:05:00,22:50:00,900,10,10,SAB,26,3
923D1V,22:50:00,23:30:00,2400,10,10,SAB,26,1
923D1V,23:30:00,00:10:00,2400,10,10,SAB,26,1
923D1V,00:10:00,00:50:00,2400,10,10,SAB,26,1
923D1V,00:50:00,01:30:00,2400,10,10,SAB,26,1
923D1V,01:30:00,02:15:00,2700,10,10,SAB,26,1
923D1V,02:15:00,03:00:00,2700,10,10,SAB,26,1
1020D2I,07:40:00,08:20:00,2400,11,11,FES,27,1
1020D2I,08:20:00,09:15:00,1650,11,11,FES,27,2
1020D2I,09:15:00,22:25:00,1130,11,11,FES,27,42
1020D2V,07:00:00,07:40:00,2400,11,11,FES,28,1
1020D2V,07:40:00,08:37:00,1710,11,11,FES,28,2
1020D2V,08:37:00,22:20:00,1149,11,11,FES,28,43
1020D0I,06:25:00,06:45:00,1200,11,11,LAB,27,1
1020D0I,06:45:00,07:40:00,825,11,11,LAB,27,4
1020D0I,07:40:00,07:58:00,1080,11,11,LAB,27,1
1020D0I,07:58:00,08:16:00,1620,11,11,LAB,27,1
1020D0I,08:16:00,08:26:00,1140,11,11,LAB,27,1
1020D0I,08:26:00,08:36:00,600,11,11,LAB,27,1
1020D0I,08:36:00,15:41:00,607,11,11,LAB,27,42
1020D0I,15:41:00,15:50:00,1080,11,11,LAB,27,0
1020D0I,15:50:00,15:59:00,540,11,11,LAB,27,1
1020D0I,15:59:00,21:17:00,636,11,11,LAB,27,30
1020D0I,21:17:00,21:55:00,1140,11,11,LAB,27,2
1020D0I,21:55:00,22:20:00,1500,11,11,LAB,27,1
1020D0V,05:45:00,06:04:00,1140,11,11,LAB,28,1
1020D0V,06:04:00,08:09:00,833,11,11,LAB,28,9
1020D0V,08:09:00,08:19:00,1200,11,11,LAB,28,0
1020D0V,08:19:00,08:29:00,600,11,11,LAB,28,1
1020D0V,08:29:00,21:40:00,633,11,11,LAB,28,75
1020D0V,21:40:00,22:15:00,900,11,11,LAB,28,2
1020D1I,06:25:00,07:05:00,2400,11,11,SAB,27,1
1020D1I,07:05:00,08:06:00,1830,11,11,SAB,27,2
1020D1I,08:06:00,22:10:00,893,11,11,SAB,27,57
1020D1V,05:45:00,06:25:00,2400,11,11,SAB,28,1
1020D1V,06:25:00,07:27:00,1860,11,11,SAB,28,2
1020D1V,07:27:00,09:35:00,1097,11,11,SAB,28,7
1020D1V,09:35:00,09:50:00,1740,11,11,SAB,28,1
1020D1V,09:50:00,10:05:00,900,11,11,SAB,28,1
1020D1V,10:05:00,22:10:00,900,11,11,SAB,28,48
827D0I,07:10:00,07:40:00,1800,12,12,LAB,28,1
827D0I,07:40:00,22:15:00,927,12,12,LAB,28,57
827D0V,06:35:00,07:00:00,1500,12,12,LAB,31,1
827D0V,07:00:00,08:55:00,986,12,12,LAB,31,7
827D0V,08:55:00,09:09:00,1620,12,12,LAB,31,1
827D0V,09:09:00,09:23:00,840,12,12,LAB,31,1
827D0V,09:23:00,21:15:00,929,12,12,LAB,31,46
827D0V,21:15:00,22:10:00,1500,12,12,LAB,31,2
1021D2I,07:45:00,08:30:00,2700,13,13,FES,18,1
1021D2I,08:30:00,22:15:00,1043,13,13,FES,18,47
1021D2V,07:20:00,08:05:00,2700,13,13,FES,20,1
1021D2V,08:05:00,22:15:00,1047,13,13,FES,20,49
1021D0I,07:15:00,07:40:00,1500,13,13,LAB,18,1
1021D0I,07:40:00,22:10:00,889,13,13,LAB,18,59
1021D0V,06:45:00,07:10:00,1500,13,13,LAB,20,1
1021D0V,07:10:00,21:45:00,905,13,13,LAB,20,58
1021D0V,21:45:00,22:10:00,1500,13,13,LAB,20,1
1021D1I,07:45:00,08:15:00,1800,13,13,SAB,18,1
1021D1I,08:15:00,22:00:00,1100,13,13,SAB,18,45
1021D1I,22:00:00,22:25:00,1500,13,13,SAB,18,1
1021D1V,07:20:00,08:05:00,2700,13,13,SAB,20,1
1021D1V,08:05:00,22:25:00,1089,13,13,SAB,20,47
983D0I,06:35:00,07:11:00,2160,14,14,LAB,28,1
983D0I,07:11:00,08:01:00,1500,14,14,LAB,28,2
983D0I,08:01:00,22:35:00,826,14,14,LAB,28,63
983D0I,22:35:00,23:20:00,2700,14,14,LAB,28,1
983D0I,23:20:00,00:25:00,3900,14,14,LAB,28,1
983D0I,00:25:00,01:30:00,3900,14,14,LAB,28,1
983D0V,06:00:00,06:35:00,2100,14,14,LAB,27,1
983D0V,06:35:00,07:23:00,1440,14,14,LAB,27,2
983D0V,07:23:00,22:05:00,834,14,14,LAB,27,63
983D0V,22:05:00,22:50:00,2700,14,14,LAB,27,1
983D0V,22:50:00,23:55:00,3900,14,14,LAB,27,1
983D0V,23:55:00,01:00:00,3900,14,14,LAB,27,1
983D1I,07:35:00,08:00:00,1500,14,14,SAB,28,1
983D1I,08:00:00,22:05:00,1127,14,14,SAB,28,45
983D1I,22:05:00,23:10:00,1800,14,14,SAB,28,2
983D1I,23:10:00,00:15:00,3900,14,14,SAB,28,1
983D1I,00:15:00,01:20:00,3900,14,14,SAB,28,1
983D1I,01:20:00,02:25:00,3900,14,14,SAB,28,1
983D1I,02:25:00,03:30:00,3900,14,14,SAB,28,1
983D1V,07:00:00,07:25:00,1500,14,14,SAB,27,1
983D1V,07:25:00,21:40:00,1140,14,14,SAB,27,45
983D1V,21:40:00,22:05:00,2580,14,14,SAB,27,1
983D1V,22:05:00,22:40:00,2100,14,14,SAB,27,1
983D1V,22:40:00,23:45:00,3900,14,14,SAB,27,1
983D1V,23:45:00,00:50:00,3900,14,14,SAB,27,1
983D1V,00:50:00,01:55:00,3900,14,14,SAB,27,1
983D1V,01:55:00,03:00:00,3900,14,14,SAB,27,1
1022D2I,07:00:00,07:51:00,3060,16,16,FES,25,1
1022D2I,07:51:00,19:56:00,946,16,16,FES,25,46
1022D2I,19:56:00,22:10:00,731,16,16,FES,25,11
1022D2I,22:10:00,23:10:00,1800,16,16,FES,25,2
1022D2I,23:10:00,01:30:00,2100,16,16,FES,25,4
1022D2V,06:30:00,07:35:00,3900,16,16,FES,25,1
1022D2V,07:35:00,19:19:00,918,16,16,FES,25,46
1022D2V,19:19:00,19:41:00,1320,16,16,FES,25,1
1022D2V,19:41:00,19:52:00,330,16,16,FES,25,2
1022D2V,19:52:00,20:14:00,1320,16,16,FES,25,1
1022D2V,20:14:00,20:25:00,660,16,16,FES,25,1
1022D2V,20:25:00,22:05:00,750,16,16,FES,25,8
1022D2V,22:05:00,22:40:00,2100,16,16,FES,25,1
1022D2V,22:40:00,01:00:00,2100,16,16,FES,25,4
1022D0I,06:05:00,06:31:00,1560,16,16,LAB,25,1
1022D0I,06:31:00,08:25:00,855,16,16,LAB,25,8
1022D0I,08:25:00,21:21:00,568,16,16,LAB,25,82
1022D0I,21:21:00,21:55:00,1020,16,16,LAB,25,2
1022D0I,21:55:00,23:10:00,1500,16,16,LAB,25,3
1022D0I,23:10:00,01:30:00,2100,16,16,LAB,25,4
1022D0V,05:35:00,06:00:00,1500,16,16,LAB,25,1
1022D0V,06:00:00,06:47:00,1410,16,16,LAB,25,2
1022D0V,06:47:00,06:59:00,1440,16,16,LAB,25,0
1022D0V,06:59:00,07:10:00,660,16,16,LAB,25,1
1022D0V,07:10:00,08:27:00,660,16,16,LAB,25,7
1022D0V,08:27:00,08:37:00,1200,16,16,LAB,25,0
1022D0V,08:37:00,08:47:00,600,16,16,LAB,25,1
1022D0V,08:47:00,20:09:00,576,16,16,LAB,25,71
1022D0V,20:09:00,20:21:00,1440,16,16,LAB,25,0
1022D0V,20:21:00,20:34:00,780,16,16,LAB,25,1
1022D0V,20:34:00,22:40:00,945,16,16,LAB,25,8
1022D0V,22:40:00,23:15:00,2100,16,16,LAB,25,1
1022D0V,23:15:00,01:00:00,2100,16,16,LAB,25,3
1022D1I,06:05:00,07:10:00,3900,16,16,SAB,25,1
1022D1I,07:10:00,08:16:00,1980,16,16,SAB,25,2
1022D1I,08:16:00,23:10:00,825,16,16,SAB,25,65
1022D1I,23:10:00,03:15:00,2100,16,16,SAB,25,7
1022D1V,05:35:00,06:37:00,3720,16,16,SAB,25,1
1022D1V,06:37:00,07:44:00,2010,16,16,SAB,25,2
1022D1V,07:44:00,09:21:00,970,16,16,SAB,25,6
1022D1V,09:21:00,09:33:00,1500,16,16,SAB,25,0
1022D1V,09:33:00,09:46:00,780,16,16,SAB,25,1
1022D1V,09:46:00,22:40:00,815,16,16,SAB,25,57
1022D1V,22:40:00,23:15:00,2100,16,16,SAB,25,1
1022D1V,23:15:00,02:45:00,2100,16,16,SAB,25,6
1012D0I,06:30:00,07:00:00,1800,18,18,LAB,24,1
1012D0I,07:00:00,21:45:00,880,18,18,LAB,24,60
1012D0I,21:45:00,22:25:00,2400,18,18,LAB,24,1
1012D0V,06:35:00,07:00:00,1500,18,18,LAB,24,1
1012D0V,07:00:00,17:31:00,806,18,18,LAB,24,47
1012D0V,17:31:00,21:50:00,1110,18,18,LAB,24,14
1012D0V,21:50:00,22:20:00,1800,18,18,LAB,24,1
930D2I,07:35:00,08:03:00,1680,19,19,FES,26,1
930D2I,08:03:00,19:44:00,765,19,19,FES,26,55
930D2I,19:44:00,19:54:00,1200,19,19,FES,26,0
930D2I,19:54:00,20:04:00,600,19,19,FES,26,1
930D2I,20:04:00,23:00:00,604,19,19,FES,26,17
930D2I,23:00:00,23:40:00,2400,19,19,FES,26,1
930D2I,23:40:00,00:20:00,2400,19,19,FES,26,1
930D2I,00:20:00,01:00:00,2400,19,19,FES,26,1
930D2I,01:00:00,01:40:00,2400,19,19,FES,26,1
930D2V,07:00:00,07:30:00,1800,19,19,FES,28,1
930D2V,07:30:00,19:36:00,778,19,19,FES,28,56
930D2V,19:36:00,19:46:00,1200,19,19,FES,28,0
930D2V,19:46:00,19:56:00,600,19,19,FES,28,1
930D2V,19:56:00,22:20:00,676,19,19,FES,28,13
930D2V,22:20:00,23:00:00,2400,19,19,FES,28,1
930D2V,23:00:00,23:40:00,2400,19,19,FES,28,1
930D2V,23:40:00,00:20:00,2400,19,19,FES,28,1
930D2V,00:20:00,01:00:00,2400,19,19,FES,28,1
930D2V,01:00:00,01:40:00,2400,19,19,FES,28,1
930D0I,06:15:00,06:35:00,1200,19,19,LAB,26,1
930D0I,06:35:00,09:32:00,625,19,19,LAB,26,17
930D0I,09:32:00,19:46:00,550,19,19,LAB,26,67
930D0I,19:46:00,19:53:00,840,19,19,LAB,26,0
930D0I,19:53:00,20:00:00,420,19,19,LAB,26,1
930D0I,20:00:00,23:00:00,544,19,19,LAB,26,20
930D0I,23:00:00,23:40:00,2400,19,19,LAB,26,1
930D0I,23:40:00,00:20:00,2400,19,19,LAB,26,1
930D0I,00:20:00,01:00:00,2400,19,19,LAB,26,1
930D0I,01:00:00,01:40:00,2400,19,19,LAB,26,1
930D0V,06:00:00,06:16:00,960,19,19,LAB,28,1
930D0V,06:16:00,07:48:00,690,19,19,LAB,28,8
930D0V,07:48:00,08:05:00,1560,19,19,LAB,28,1
930D0V,08:05:00,08:14:00,1020,19,19,LAB,28,1
930D0V,08:14:00,08:22:00,240,19,19,LAB,28,2
930D0V,08:22:00,08:38:00,960,19,19,LAB,28,1
930D0V,08:38:00,08:46:00,240,19,19,LAB,28,2
930D0V,08:46:00,09:04:00,1080,19,19,LAB,28,1
930D0V,09:04:00,09:13:00,540,19,19,LAB,28,1
930D0V,09:13:00,19:39:00,552,19,19,LAB,28,68
930D0V,19:39:00,19:46:00,840,19,19,LAB,28,0
930D0V,19:46:00,19:54:00,480,19,19,LAB,28,1
930D0V,19:54:00,22:02:00,512,19,19,LAB,28,15
930D0V,22:02:00,23:00:00,840,19,19,LAB,28,4
930D0V,23:00:00,23:40:00,2400,19,19,LAB,28,1
930D0V,23:40:00,00:20:00,2400,19,19,LAB,28,1
930D0V,00:20:00,01:00:00,2400,19,19,LAB,28,1
930D0V,01:00:00,01:40:00,2400,19,19,LAB,28,1
930D1I,06:35:00,07:10:00,2100,19,19,SAB,26,1
930D1I,07:10:00,08:07:00,1710,19,19,SAB,26,2
930D1I,08:07:00,08:21:00,840,19,19,SAB,26,1
930D1I,08:21:00,10:08:00,803,19,19,SAB,26,8
930D1I,10:08:00,10:19:00,1320,19,19,SAB,26,0
930D1I,10:19:00,10:30:00,660,19,19,SAB,26,1
930D1I,10:30:00,17:51:00,715,19,19,SAB,26,37
930D1I,17:51:00,18:01:00,1200,19,19,SAB,26,0
930D1I,18:01:00,18:12:00,660,19,19,SAB,26,1
930D1I,18:12:00,21:05:00,692,19,19,SAB,26,15
930D1I,21:05:00,21:14:00,1080,19,19,SAB,26,0
930D1I,21:14:00,21:23:00,540,19,19,SAB,26,1
930D1I,21:23:00,23:00:00,574,19,19,SAB,26,10
930D1I,23:00:00,23:40:00,2400,19,19,SAB,26,1
930D1I,23:40:00,00:20:00,2400,19,19,SAB,26,1
930D1I,00:20:00,01:00:00,2400,19,19,SAB,26,1
930D1I,01:00:00,01:40:00,2400,19,19,SAB,26,1
930D1I,01:40:00,02:20:00,2400,19,19,SAB,26,1
930D1I,02:20:00,03:00:00,2400,19,19,SAB,26,1
930D1V,06:00:00,06:35:00,2100,19,19,SAB,28,1
930D1V,06:35:00,07:47:00,1440,19,19,SAB,28,3
930D1V,07:47:00,09:08:00,810,19,19,SAB,28,6
930D1V,09:08:00,09:20:00,1380,19,19,SAB,28,1
930D1V,09:20:00,09:32:00,720,19,19,SAB,28,1
930D1V,09:32:00,21:05:00,693,19,19,SAB,28,60
930D1V,21:05:00,21:14:00,1080,19,19,SAB,28,0
930D1V,21:14:00,21:23:00,540,19,19,SAB,28,1
930D1V,21:23:00,23:00:00,617,19,19,SAB,28,9
930D1V,23:00:00,23:40:00,2400,19,19,SAB,28,1
930D1V,23:40:00,00:20:00,2400,19,19,SAB,28,1
930D1V,00:20:00,01:00:00,2400,19,19,SAB,28,1
930D1V,01:00:00,01:40:00,2400,19,19,SAB,28,1
930D1V,01:40:00,02:20:00,2400,19,19,SAB,28,1
930D1V,02:20:00,03:00:00,2400,19,19,SAB,28,1
860D2I,07:10:00,07:57:00,2820,27,27,FES,18,1
860D2I,07:57:00,08:34:00,1110,27,27,FES,18,2
860D2I,08:34:00,19:14:00,800,27,27,FES,18,48
860D2I,19:14:00,19:25:00,1320,27,27,FES,18,0
860D2I,19:25:00,19:36:00,660,27,27,FES,18,1
860D2I,19:36:00,22:30:00,746,27,27,FES,18,14
860D2I,22:30:00,23:00:00,1800,27,27,FES,18,1
860D2I,23:00:00,23:50:00,3000,27,27,FES,18,1
860D2I,23:50:00,00:40:00,3000,27,27,FES,18,1
860D2I,00:40:00,01:30:00,3000,27,27,FES,18,1
860D2V,06:50:00,07:35:00,2700,27,27,FES,17,1
860D2V,07:35:00,08:35:00,1200,27,27,FES,17,3
860D2V,08:35:00,09:32:00,855,27,27,FES,17,4
860D2V,09:32:00,09:42:00,1200,27,27,FES,17,0
860D2V,09:42:00,09:52:00,600,27,27,FES,17,1
860D2V,09:52:00,22:25:00,791,27,27,FES,17,57
860D2V,22:25:00,23:25:00,3600,27,27,FES,17,1
860D2V,23:25:00,00:15:00,3000,27,27,FES,17,1
860D2V,00:15:00,01:05:00,3000,27,27,FES,17,1
860D0I,05:45:00,06:10:00,1500,27,27,LAB,18,1
860D0I,06:10:00,06:48:00,1140,27,27,LAB,18,2
860D0I,06:48:00,22:25:00,461,27,27,LAB,18,122
860D0I,22:25:00,23:00:00,2100,27,27,LAB,18,1
860D0I,23:00:00,23:50:00,3000,27,27,LAB,18,1
860D0I,23:50:00,00:40:00,3000,27,27,LAB,18,1
860D0I,00:40:00,01:30:00,3000,27,27,LAB,18,1
860D0V,05:20:00,06:10:00,3000,27,27,LAB,17,1
860D0V,06:10:00,07:31:00,608,27,27,LAB,17,8
860D0V,07:31:00,07:45:00,1260,27,27,LAB,17,1
860D0V,07:45:00,07:58:00,1200,27,27,LAB,17,1
860D0V,07:58:00,08:05:00,840,27,27,LAB,17,0
860D0V,08:05:00,08:12:00,420,27,27,LAB,17,1
860D0V,08:12:00,08:38:00,520,27,27,LAB,17,3
860D0V,08:38:00,08:44:00,720,27,27,LAB,17,0
860D0V,08:44:00,08:50:00,360,27,27,LAB,17,1
860D0V,08:50:00,12:03:00,414,27,27,LAB,17,28
860D0V,12:03:00,12:10:00,840,27,27,LAB,17,0
860D0V,12:10:00,12:17:00,420,27,27,LAB,17,1
860D0V,12:17:00,22:15:00,492,27,27,LAB,17,73
860D0V,22:15:00,22:35:00,1200,27,27,LAB,17,1
860D0V,22:35:00,23:25:00,3000,27,27,LAB,17,1
860D0V,23:25:00,00:15:00,3000,27,27,LAB,17,1
860D0V,00:15:00,01:05:00,3000,27,27,LAB,17,1
860D1I,05:45:00,06:35:00,3000,27,27,SAB,18,1
860D1I,06:35:00,07:48:00,2190,27,27,SAB,18,2
860D1I,07:48:00,08:27:00,1170,27,27,SAB,18,2
860D1I,08:27:00,23:00:00,624,27,27,SAB,18,84
860D1I,23:00:00,03:10:00,1500,27,27,SAB,18,10
860D1V,05:20:00,06:10:00,3000,27,27,SAB,17,1
860D1V,06:10:00,07:24:00,2220,27,27,SAB,17,2
860D1V,07:24:00,08:03:00,1170,27,27,SAB,17,2
860D1V,08:03:00,08:49:00,690,27,27,SAB,17,4
860D1V,08:49:00,08:58:00,1080,27,27,SAB,17,0
860D1V,08:58:00,09:07:00,540,27,27,SAB,17,1
860D1V,09:07:00,16:19:00,682,27,27,SAB,17,38
860D1V,16:19:00,16:28:00,1140,27,27,SAB,17,0
860D1V,16:28:00,16:37:00,540,27,27,SAB,17,1
860D1V,16:37:00,20:29:00,605,27,27,SAB,17,23
860D1V,20:29:00,20:37:00,960,27,27,SAB,17,0
860D1V,20:37:00,20:45:00,480,27,27,SAB,17,1
860D1V,20:45:00,23:00:00,579,27,27,SAB,17,14
860D1V,23:00:00,02:45:00,1500,27,27,SAB,17,9
1028D2I,07:50:00,08:21:00,1860,31,31,FES,34,1
1028D2I,08:21:00,22:20:00,1043,31,31,FES,34,48
1028D2V,07:10:00,07:48:00,2280,31,31,FES,35,1
1028D2V,07:48:00,22:20:00,1046,31,31,FES,35,50
1028D0I,06:40:00,07:10:00,1800,31,31,LAB,34,1
1028D0I,07:10:00,22:20:00,676,31,31,LAB,34,81
1028D0V,06:00:00,06:28:00,1680,31,31,LAB,35,1
1028D0V,06:28:00,07:03:00,1050,31,31,LAB,35,2
1028D0V,07:03:00,08:24:00,810,31,31,LAB,35,6
1028D0V,08:24:00,08:36:00,1440,31,31,LAB,35,0
1028D0V,08:36:00,08:48:00,720,31,31,LAB,35,1
1028D0V,08:48:00,09:10:00,1320,31,31,LAB,35,1
1028D0V,09:10:00,09:21:00,1320,31,31,LAB,35,0
1028D0V,09:21:00,09:32:00,660,31,31,LAB,35,1
1028D0V,09:32:00,10:26:00,810,31,31,LAB,35,4
1028D0V,10:26:00,10:36:00,1260,31,31,LAB,35,0
1028D0V,10:36:00,10:46:00,600,31,31,LAB,35,1
1028D0V,10:46:00,22:20:00,658,31,31,LAB,35,63
1028D1I,07:40:00,08:00:00,1200,31,31,SAB,34,1
1028D1I,08:00:00,22:20:00,1139,31,31,SAB,34,45
1028D1V,07:15:00,07:50:00,2100,31,31,SAB,35,1
1028D1V,07:50:00,08:45:00,1650,31,31,SAB,35,2
1028D1V,08:45:00,10:36:00,1332,31,31,SAB,35,5
1028D1V,10:36:00,10:53:00,2040,31,31,SAB,35,0
1028D1V,10:53:00,11:11:00,1080,31,31,SAB,35,1
1028D1V,11:11:00,22:20:00,1136,31,31,SAB,35,35
935D2I,08:00:00,08:23:00,1380,35,35,FES,18,1
935D2I,08:23:00,22:30:00,922,35,35,FES,18,55
935D2V,08:00:00,08:25:00,1500,35,35,FES,17,1
935D2V,08:25:00,22:25:00,928,35,35,FES,17,54
935D0I,06:52:00,07:14:00,1320,35,35,LAB,18,1
935D0I,07:14:00,08:25:00,852,35,35,LAB,18,5
935D0I,08:25:00,22:00:00,661,35,35,LAB,18,74
935D0I,22:00:00,22:25:00,1500,35,35,LAB,18,1
935D0V,06:30:00,06:50:00,1200,35,35,LAB,17,1
935D0V,06:50:00,08:05:00,750,35,35,LAB,17,6
935D0V,08:05:00,08:42:00,740,35,35,LAB,17,3
935D0V,08:42:00,08:51:00,1080,35,35,LAB,17,0
935D0V,08:51:00,09:01:00,600,35,35,LAB,17,1
935D0V,09:01:00,22:00:00,668,35,35,LAB,17,70
935D0V,22:00:00,22:15:00,900,35,35,LAB,17,1
935D1I,07:35:00,08:05:00,1800,35,35,SAB,18,1
935D1I,08:05:00,22:25:00,802,35,35,SAB,18,64
935D1V,07:10:00,07:40:00,1800,35,35,SAB,17,1
935D1V,07:40:00,09:01:00,972,35,35,SAB,17,5
935D1V,09:01:00,09:13:00,1440,35,35,SAB,17,0
935D1V,09:13:00,09:25:00,720,35,35,SAB,17,1
935D1V,09:25:00,22:25:00,790,35,35,SAB,17,59
1030D2I,08:05:00,08:22:00,1020,40,40,FES,19,1
1030D2I,08:22:00,22:25:00,1177,40,40,FES,19,43
1030D2V,07:40:00,08:00:00,1200,40,40,FES,19,1
1030D2V,08:00:00,22:20:00,1173,40,40,FES,19,44
1030D0I,07:00:00,07:14:00,840,40,40,LAB,19,1
1030D0I,07:14:00,22:15:00,826,40,40,LAB,19,65
1030D0V,06:45:00,07:10:00,1500,40,40,LAB,19,1
1030D0V,07:10:00,08:41:00,910,40,40,LAB,19,6
1030D0V,08:41:00,08:52:00,1320,40,40,LAB,19,0
1030D0V,08:52:00,09:03:00,660,40,40,LAB,19,1
1030D0V,09:03:00,12:11:00,868,40,40,LAB,19,13
1030D0V,12:11:00,12:23:00,1380,40,40,LAB,19,1
1030D0V,12:23:00,12:35:00,720,40,40,LAB,19,1
1030D0V,12:35:00,20:34:00,845,40,40,LAB,19,34
1030D0V,20:34:00,22:10:00,1140,40,40,LAB,19,5
1030D1I,07:45:00,08:03:00,1080,40,40,SAB,19,1
1030D1I,08:03:00,22:20:00,933,40,40,SAB,19,55
1030D1V,07:20:00,07:40:00,1200,40,40,SAB,19,1
1030D1V,07:40:00,22:15:00,933,40,40,SAB,19,56
966D2I,07:30:00,08:12:00,2520,60,60,FES,18,1
966D2I,08:12:00,22:20:00,924,60,60,FES,18,55
966D2I,22:20:00,23:15:00,3300,60,60,FES,18,1
966D2I,23:15:00,00:15:00,3600,60,60,FES,18,1
966D2I,00:15:00,01:15:00,3600,60,60,FES,18,1
966D2V,07:00:00,07:45:00,2700,60,60,FES,22,1
966D2V,07:45:00,22:45:00,921,60,60,FES,22,59
966D2V,22:45:00,23:45:00,3600,60,60,FES,22,1
966D2V,23:45:00,00:45:00,3600,60,60,FES,22,1
966D0I,06:35:00,07:03:00,1680,60,60,LAB,18,1
966D0I,07:03:00,07:40:00,1110,60,60,LAB,18,2
966D0I,07:40:00,19:18:00,607,60,60,LAB,18,69
966D0I,19:18:00,19:28:00,1200,60,60,LAB,18,0
966D0I,19:28:00,19:38:00,600,60,60,LAB,18,1
966D0I,19:38:00,22:30:00,600,60,60,LAB,18,17
966D0I,22:30:00,23:15:00,2700,60,60,LAB,18,1
966D0I,23:15:00,00:15:00,3600,60,60,LAB,18,1
966D0I,00:15:00,01:15:00,3600,60,60,LAB,18,1
966D0V,06:10:00,06:34:00,1440,60,60,LAB,22,1
966D0V,06:34:00,07:05:00,930,60,60,LAB,22,2
966D0V,07:05:00,08:45:00,600,60,60,LAB,22,10
966D0V,08:45:00,08:53:00,960,60,60,LAB,22,0
966D0V,08:53:00,09:01:00,480,60,60,LAB,22,1
966D0V,09:01:00,22:30:00,622,60,60,LAB,22,78
966D0V,22:30:00,22:45:00,900,60,60,LAB,22,1
966D0V,22:45:00,23:45:00,3600,60,60,LAB,22,1
966D0V,23:45:00,00:45:00,3600,60,60,LAB,22,1
966D1I,07:07:00,07:34:00,1620,60,60,SAB,18,1
966D1I,07:34:00,08:42:00,1360,60,60,SAB,18,3
966D1I,08:42:00,23:15:00,818,60,60,SAB,18,64
966D1I,23:15:00,03:15:00,1800,60,60,SAB,18,8
966D1V,06:40:00,07:05:00,1500,60,60,SAB,22,1
966D1V,07:05:00,08:12:00,1340,60,60,SAB,22,3
966D1V,08:12:00,09:31:00,948,60,60,SAB,22,5
966D1V,09:31:00,09:43:00,1440,60,60,SAB,22,0
966D1V,09:43:00,09:55:00,720,60,60,SAB,22,1
966D1V,09:55:00,22:45:00,825,60,60,SAB,22,56
966D1V,22:45:00,02:45:00,1800,60,60,SAB,22,8
967D2I,08:00:00,08:35:00,2100,62,62,FES,28,1
967D2I,08:35:00,09:25:00,1500,62,62,FES,28,2
967D2I,09:25:00,23:00:00,1040,62,62,FES,28,47
967D2I,23:00:00,01:20:00,2100,62,62,FES,28,4
967D2V,07:30:00,08:05:00,2100,62,62,FES,27,1
967D2V,08:05:00,08:53:00,1440,62,62,FES,27,2
967D2V,08:53:00,19:27:00,1153,62,62,FES,27,33
967D2V,19:27:00,19:42:00,1800,62,62,FES,27,0
967D2V,19:42:00,19:56:00,840,62,62,FES,27,1
967D2V,19:56:00,23:05:00,872,62,62,FES,27,13
967D2V,23:05:00,01:25:00,2100,62,62,FES,27,4
967D0I,06:00:00,06:40:00,2400,62,62,LAB,28,1
967D0I,06:40:00,07:17:00,1110,62,62,LAB,28,2
967D0I,07:17:00,19:21:00,724,62,62,LAB,28,60
967D0I,19:21:00,19:31:00,1200,62,62,LAB,28,0
967D0I,19:31:00,19:40:00,540,62,62,LAB,28,1
967D0I,19:40:00,22:25:00,707,62,62,LAB,28,14
967D0I,22:25:00,23:00:00,2100,62,62,LAB,28,1
967D0I,23:00:00,01:20:00,2100,62,62,LAB,28,4
967D0V,06:30:00,06:55:00,1500,62,62,LAB,27,1
967D0V,06:55:00,23:05:00,737,62,62,LAB,27,79
967D0V,23:05:00,01:25:00,2100,62,62,LAB,27,4
967D1I,07:05:00,07:35:00,1800,62,62,SAB,28,1
967D1I,07:35:00,08:21:00,1380,62,62,SAB,28,2
967D1I,08:21:00,23:00:00,1014,62,62,SAB,28,52
967D1I,23:00:00,03:05:00,2100,62,62,SAB,28,7
967D1V,06:35:00,07:45:00,4200,62,62,SAB,27,1
967D1V,07:45:00,08:15:00,1800,62,62,SAB,27,1
967D1V,08:15:00,21:20:00,1024,62,62,SAB,27,46
967D1V,21:20:00,21:35:00,1800,62,62,SAB,27,0
967D1V,21:35:00,21:50:00,900,62,62,SAB,27,1
967D1V,21:50:00,22:30:00,1200,62,62,SAB,27,2
967D1V,22:30:00,23:05:00,2100,62,62,SAB,27,1
967D1V,23:05:00,02:35:00,2100,62,62,SAB,27,6
1031D2I,07:00:00,07:40:00,2400,70,70,FES,32,1
1031D2I,07:40:00,08:40:00,1800,70,70,FES,32,2
1031D2I,08:40:00,19:51:00,959,70,70,FES,32,42
1031D2I,19:51:00,20:05:00,1620,70,70,FES,32,1
1031D2I,20:05:00,20:19:00,840,70,70,FES,32,1
1031D2I,20:19:00,22:45:00,807,70,70,FES,32,11
1031D2I,22:45:00,23:25:00,2400,70,70,FES,32,1
1031D2I,23:25:00,00:10:00,2700,70,70,FES,32,1
1031D2I,00:10:00,00:50:00,2400,70,70,FES,32,1
1031D2I,00:50:00,01:35:00,2700,70,70,FES,32,1
1031D2V,07:00:00,07:40:00,2400,70,70,FES,28,1
1031D2V,07:40:00,08:45:00,1950,70,70,FES,28,2
1031D2V,08:45:00,09:32:00,1410,70,70,FES,28,2
1031D2V,09:32:00,09:47:00,1800,70,70,FES,28,0
1031D2V,09:47:00,10:02:00,900,70,70,FES,28,1
1031D2V,10:02:00,19:53:00,958,70,70,FES,28,37
1031D2V,19:53:00,20:05:00,1440,70,70,FES,28,0
1031D2V,20:05:00,20:17:00,720,70,70,FES,28,1
1031D2V,20:17:00,22:45:00,787,70,70,FES,28,11
1031D2V,22:45:00,23:30:00,2700,70,70,FES,28,1
1031D2V,23:30:00,00:10:00,2400,70,70,FES,28,1
1031D2V,00:10:00,00:55:00,2700,70,70,FES,28,1
1031D2V,00:55:00,01:35:00,2400,70,70,FES,28,1
1031D0I,06:00:00,06:30:00,1800,70,70,LAB,32,1
1031D0I,06:30:00,07:02:00,960,70,70,LAB,32,2
1031D0I,07:02:00,08:06:00,768,70,70,LAB,32,5
1031D0I,08:06:00,08:17:00,1260,70,70,LAB,32,1
1031D0I,08:17:00,08:28:00,660,70,70,LAB,32,1
1031D0I,08:28:00,09:08:00,800,70,70,LAB,32,3
1031D0I,09:08:00,09:18:00,1140,70,70,LAB,32,1
1031D0I,09:18:00,09:27:00,540,70,70,LAB,32,1
1031D0I,09:27:00,19:47:00,689,70,70,LAB,32,54
1031D0I,19:47:00,19:56:00,1080,70,70,LAB,32,0
1031D0I,19:56:00,20:06:00,600,70,70,LAB,32,1
1031D0I,20:06:00,21:50:00,693,70,70,LAB,32,9
1031D0I,21:50:00,22:45:00,900,70,70,LAB,32,4
1031D0I,22:45:00,23:25:00,2400,70,70,LAB,32,1
1031D0I,23:25:00,00:10:00,2700,70,70,LAB,32,1
1031D0I,00:10:00,00:50:00,2400,70,70,LAB,32,1
1031D0I,00:50:00,01:35:00,2700,70,70,LAB,32,1
1031D0V,05:30:00,05:57:00,1620,70,70,LAB,28,1
1031D0V,05:57:00,07:28:00,1092,70,70,LAB,28,5
1031D0V,07:28:00,08:01:00,990,70,70,LAB,28,2
1031D0V,08:01:00,08:11:00,1260,70,70,LAB,28,0
1031D0V,08:11:00,08:22:00,660,70,70,LAB,28,1
1031D0V,08:22:00,19:48:00,698,70,70,LAB,28,59
1031D0V,19:48:00,20:00:00,1380,70,70,LAB,28,1
1031D0V,20:00:00,20:12:00,720,70,70,LAB,28,1
1031D0V,20:12:00,22:45:00,698,70,70,LAB,28,13
1031D0V,22:45:00,23:30:00,2700,70,70,LAB,28,1
1031D0V,23:30:00,00:10:00,2400,70,70,LAB,28,1
1031D0V,00:10:00,00:55:00,2700,70,70,LAB,28,1
1031D0V,00:55:00,01:35:00,2400,70,70,LAB,28,1
1031D1I,06:00:00,06:38:00,2280,70,70,SAB,32,1
1031D1I,06:38:00,07:36:00,1740,70,70,SAB,32,2
1031D1I,07:36:00,08:25:00,980,70,70,SAB,32,3
1031D1I,08:25:00,09:23:00,870,70,70,SAB,32,4
1031D1I,09:23:00,09:34:00,1320,70,70,SAB,32,0
1031D1I,09:34:00,09:45:00,660,70,70,SAB,32,1
1031D1I,09:45:00,21:24:00,777,70,70,SAB,32,54
1031D1I,21:24:00,21:36:00,1440,70,70,SAB,32,0
1031D1I,21:36:00,21:49:00,780,70,70,SAB,32,1
1031D1I,21:49:00,22:20:00,930,70,70,SAB,32,2
1031D1I,22:20:00,22:45:00,1500,70,70,SAB,32,1
1031D1I,22:45:00,23:25:00,2400,70,70,SAB,32,1
1031D1I,23:25:00,00:10:00,2700,70,70,SAB,32,1
1031D1I,00:10:00,00:50:00,2400,70,70,SAB,32,1
1031D1I,00:50:00,01:35:00,2700,70,70,SAB,32,1
1031D1I,01:35:00,02:15:00,2400,70,70,SAB,32,1
1031D1I,02:15:00,03:00:00,2700,70,70,SAB,32,1
1031D1V,06:00:00,06:42:00,2520,70,70,SAB,28,1
1031D1V,06:42:00,07:36:00,1620,70,70,SAB,28,2
1031D1V,07:36:00,21:22:00,787,70,70,SAB,28,63
1031D1V,21:22:00,21:35:00,1560,70,70,SAB,28,0
1031D1V,21:35:00,21:48:00,780,70,70,SAB,28,1
1031D1V,21:48:00,22:20:00,960,70,70,SAB,28,2
1031D1V,22:20:00,22:45:00,1500,70,70,SAB,28,1
1031D1V,22:45:00,23:30:00,2700,70,70,SAB,28,1
1031D1V,23:30:00,00:10:00,2400,70,70,SAB,28,1
1031D1V,00:10:00,00:55:00,2700,70,70,SAB,28,1
1031D1V,00:55:00,01:35:00,2400,70,70,SAB,28,1
1031D1V,01:35:00,02:20:00,2700,70,70,SAB,28,1
1031D1V,02:20:00,03:00:00,2400,70,70,SAB,28,1
1007D2I,06:30:00,07:10:00,2400,71,71,FES,32,1
1007D2I,07:10:00,09:44:00,1155,71,71,FES,32,8
1007D2I,09:44:00,10:14:00,1800,71,71,FES,32,1
1007D2I,10:14:00,10:29:00,1800,71,71,FES,32,0
1007D2I,10:29:00,10:44:00,900,71,71,FES,32,1
1007D2I,10:44:00,22:15:00,1086,71,71,FES,32,38
1007D2V,07:05:00,07:35:00,1800,71,71,FES,31,1
1007D2V,07:35:00,22:10:00,1090,71,71,FES,31,48
1007D0I,05:25:00,06:05:00,2400,71,71,LAB,32,1
1007D0I,06:05:00,06:51:00,1380,71,71,LAB,32,2
1007D0I,06:51:00,08:39:00,648,71,71,LAB,32,10
1007D0I,08:39:00,08:48:00,1080,71,71,LAB,32,0
1007D0I,08:48:00,08:56:00,240,71,71,LAB,32,2
1007D0I,08:56:00,09:12:00,960,71,71,LAB,32,1
1007D0I,09:12:00,09:21:00,540,71,71,LAB,32,1
1007D0I,09:21:00,22:20:00,622,71,71,LAB,32,75
1007D0V,06:05:00,06:25:00,1200,71,71,LAB,31,1
1007D0V,06:25:00,07:56:00,910,71,71,LAB,31,6
1007D0V,07:56:00,08:16:00,1200,71,71,LAB,31,1
1007D0V,08:16:00,08:26:00,1200,71,71,LAB,31,0
1007D0V,08:26:00,08:36:00,600,71,71,LAB,31,1
1007D0V,08:36:00,22:25:00,613,71,71,LAB,31,81
1007D1I,05:25:00,06:35:00,4200,71,71,SAB,32,1
1007D1I,06:35:00,07:16:00,2460,71,71,SAB,32,1
1007D1I,07:16:00,08:43:00,870,71,71,SAB,32,6
1007D1I,08:43:00,22:20:00,856,71,71,SAB,32,57
1007D1V,06:00:00,06:40:00,2400,71,71,SAB,31,1
1007D1V,06:40:00,08:00:00,1600,71,71,SAB,31,3
1007D1V,08:00:00,08:45:00,900,71,71,SAB,31,3
1007D1V,08:45:00,08:56:00,1320,71,71,SAB,31,0
1007D1V,08:56:00,09:07:00,660,71,71,SAB,31,1
1007D1V,09:07:00,21:33:00,861,71,71,SAB,31,52
1007D1V,21:33:00,22:20:00,1320,71,71,SAB,31,2
970D2I,03:45:00,04:19:00,2040,72,72,FES,14,1
970D2I,04:19:00,05:44:00,1700,72,72,FES,14,3
970D2I,05:44:00,22:15:00,870,72,72,FES,14,68
970D2I,22:15:00,22:55:00,2400,72,72,FES,14,1
970D2I,22:55:00,23:35:00,2400,72,72,FES,14,1
970D2I,23:35:00,00:15:00,2400,72,72,FES,14,1
970D2I,00:15:00,00:55:00,2400,72,72,FES,14,1
970D2I,00:55:00,01:35:00,2400,72,72,FES,14,1
970D2V,03:29:00,04:03:00,2040,72,72,FES,15,1
970D2V,04:03:00,05:28:00,1700,72,72,FES,15,3
970D2V,05:28:00,19:37:00,910,72,72,FES,15,56
970D2V,19:37:00,19:49:00,1440,72,72,FES,15,0
970D2V,19:49:00,20:01:00,720,72,72,FES,15,1
970D2V,20:01:00,22:40:00,795,72,72,FES,15,12
970D2V,22:40:00,23:15:00,2100,72,72,FES,15,1
970D2V,23:15:00,23:55:00,2400,72,72,FES,15,1
970D2V,23:55:00,00:35:00,2400,72,72,FES,15,1
970D2V,00:35:00,01:15:00,2400,72,72,FES,15,1
970D2V,01:15:00,01:55:00,2400,72,72,FES,15,1
970D0I,03:44:00,04:01:00,1020,72,72,LAB,14,1
970D0I,04:01:00,22:15:00,773,72,72,LAB,14,85
970D0I,22:15:00,22:55:00,2400,72,72,LAB,14,1
970D0I,22:55:00,23:35:00,2400,72,72,LAB,14,1
970D0I,23:35:00,00:15:00,2400,72,72,LAB,14,1
970D0I,00:15:00,00:55:00,2400,72,72,LAB,14,1
970D0I,00:55:00,01:35:00,2400,72,72,LAB,14,1
970D0V,03:28:00,03:45:00,1020,72,72,LAB,15,1
970D0V,03:45:00,19:46:00,812,72,72,LAB,15,71
970D0V,19:46:00,19:56:00,1200,72,72,LAB,15,0
970D0V,19:56:00,20:06:00,600,72,72,LAB,15,1
970D0V,20:06:00,22:25:00,642,72,72,LAB,15,13
970D0V,22:25:00,23:15:00,900,72,72,LAB,15,3
970D0V,23:15:00,23:55:00,2400,72,72,LAB,15,1
970D0V,23:55:00,00:35:00,2400,72,72,LAB,15,1
970D0V,00:35:00,01:15:00,2400,72,72,LAB,15,1
970D0V,01:15:00,01:55:00,2400,72,72,LAB,15,1
970D1I,03:44:00,04:01:00,1020,72,72,SAB,14,1
970D1I,04:01:00,22:55:00,957,72,72,SAB,14,71
970D1I,22:55:00,23:35:00,2400,72,72,SAB,14,1
970D1I,23:35:00,00:15:00,2400,72,72,SAB,14,1
970D1I,00:15:00,00:55:00,2400,72,72,SAB,14,1
970D1I,00:55:00,01:35:00,2400,72,72,SAB,14,1
970D1I,01:35:00,02:15:00,2400,72,72,SAB,14,1
970D1I,02:15:00,03:00:00,2700,72,72,SAB,14,1
970D1V,03:28:00,03:45:00,1020,72,72,SAB,15,1
970D1V,03:45:00,22:40:00,959,72,72,SAB,15,71
970D1V,22:40:00,23:15:00,2100,72,72,SAB,15,1
970D1V,23:15:00,23:55:00,2400,72,72,SAB,15,1
970D1V,23:55:00,00:35:00,2400,72,72,SAB,15,1
970D1V,00:35:00,01:15:00,2400,72,72,SAB,15,1
970D1V,01:15:00,01:55:00,2400,72,72,SAB,15,1
970D1V,01:55:00,02:35:00,2400,72,72,SAB,15,1
970D1V,02:35:00,03:15:00,2400,72,72,SAB,15,1
963D2I,08:00:00,01:30:00,1189,73,73,FES,25,53
963D2V,07:30:00,02:00:00,1189,73,73,FES,23,56
962D0I,12:07:00,15:29:00,638,73,73,LAB,26,19
962D0V,07:30:00,09:02:00,613,73,73,LAB,24,9
963D0I,07:05:00,01:30:00,737,73,73,LAB,25,90
963D0V,06:30:00,02:00:00,780,73,73,LAB,23,90
963D1I,07:30:00,03:30:00,1143,73,73,SAB,25,63
963D1V,07:00:00,03:00:00,1125,73,73,SAB,23,64
996D2I,07:33:00,08:08:00,2100,79,C2,FES,17,1
996D2I,08:08:00,09:02:00,1620,79,C2,FES,17,2
996D2I,09:02:00,22:13:00,1247,79,C2,FES,17,38
996D2V,07:15:00,07:50:00,2100,79,C2,FES,13,1
996D2V,07:50:00,08:44:00,1620,79,C2,FES,13,2
996D2V,08:44:00,22:30:00,1249,79,C2,FES,13,40
996D0I,06:35:00,07:00:00,1500,79,C2,LAB,17,1
996D0I,07:00:00,20:48:00,753,79,C2,LAB,17,66
996D0I,20:48:00,22:25:00,1240,79,C2,LAB,17,5
996D0V,06:20:00,06:55:00,2100,79,C2,LAB,13,1
996D0V,06:55:00,21:09:00,743,79,C2,LAB,13,69
996D0V,21:09:00,22:10:00,1230,79,C2,LAB,13,3
996D1I,06:48:00,07:23:00,2100,79,C2,SAB,17,1
996D1I,07:23:00,08:21:00,1740,79,C2,SAB,17,2
996D1I,08:21:00,08:35:00,840,79,C2,SAB,17,1
996D1I,08:35:00,21:26:00,873,79,C2,SAB,17,53
996D1I,21:26:00,22:25:00,1200,79,C2,SAB,17,3
996D1V,06:30:00,07:05:00,2100,79,C2,SAB,13,1
996D1V,07:05:00,08:00:00,1650,79,C2,SAB,13,2
996D1V,08:00:00,22:25:00,891,79,C2,SAB,13,58
651D2I,08:13:00,08:51:00,2280,80,C2,FES,18,1
651D2I,08:51:00,22:20:00,1271,80,C2,FES,18,38
651D2V,08:00:00,08:31:00,1860,80,C2,FES,12,1
651D2V,08:31:00,22:20:00,1269,80,C2,FES,12,39
651D0I,07:00:00,07:45:00,2700,80,C2,LAB,18,1
651D0I,07:45:00,22:15:00,1000,80,C2,LAB,18,52
651D0V,06:45:00,07:25:00,2400,80,C2,LAB,12,1
651D0V,07:25:00,22:15:00,986,80,C2,LAB,12,54
651D1I,07:17:00,07:54:00,2220,80,C2,SAB,18,1
651D1I,07:54:00,08:36:00,1260,80,C2,SAB,18,2
651D1I,08:36:00,21:52:00,901,80,C2,SAB,18,53
651D1I,21:52:00,22:15:00,1380,80,C2,SAB,18,1
651D1V,07:00:00,07:35:00,2100,80,C2,SAB,12,1
651D1V,07:35:00,08:14:00,1170,80,C2,SAB,12,2
651D1V,08:14:00,22:15:00,909,80,C2,SAB,12,56
1041D2I,07:20:00,08:05:00,2700,81,81,FES,18,1
1041D2I,08:05:00,23:00:00,961,81,81,FES,18,56
1041D2I,23:00:00,23:50:00,3000,81,81,FES,18,1
1041D2I,23:50:00,00:40:00,3000,81,81,FES,18,1
1041D2I,00:40:00,01:30:00,3000,81,81,FES,18,1
1041D2V,07:00:00,07:42:00,2520,81,81,FES,18,1
1041D2V,07:42:00,19:29:00,1035,81,81,FES,18,41
1041D2V,19:29:00,19:43:00,1620,81,81,FES,18,1
1041D2V,19:43:00,19:57:00,840,81,81,FES,18,1
1041D2V,19:57:00,22:40:00,798,81,81,FES,18,12
1041D2V,22:40:00,23:30:00,3000,81,81,FES,18,1
1041D2V,23:30:00,00:20:00,3000,81,81,FES,18,1
1041D2V,00:20:00,01:10:00,3000,81,81,FES,18,1
1041D0I,06:15:00,06:50:00,2100,81,81,LAB,18,1
1041D0I,06:50:00,08:25:00,633,81,81,LAB,18,9
1041D0I,08:25:00,15:49:00,493,81,81,LAB,18,54
1041D0I,15:49:00,22:00:00,602,81,81,LAB,18,37
1041D0I,22:00:00,22:15:00,900,81,81,LAB,18,1
1041D0I,22:15:00,23:00:00,2700,81,81,LAB,18,1
1041D0I,23:00:00,23:50:00,3000,81,81,LAB,18,1
1041D0I,23:50:00,00:40:00,3000,81,81,LAB,18,1
1041D0I,00:40:00,01:30:00,3000,81,81,LAB,18,1
1041D0V,06:00:00,06:30:00,1800,81,81,LAB,18,1
1041D0V,06:30:00,07:55:00,567,81,81,LAB,18,9
1041D0V,07:55:00,08:18:00,690,81,81,LAB,18,2
1041D0V,08:18:00,08:26:00,900,81,81,LAB,18,1
1041D0V,08:26:00,08:34:00,480,81,81,LAB,18,1
1041D0V,08:34:00,14:59:00,491,81,81,LAB,18,47
1041D0V,14:59:00,19:05:00,642,81,81,LAB,18,23
1041D0V,19:05:00,19:14:00,1080,81,81,LAB,18,0
1041D0V,19:14:00,19:23:00,540,81,81,LAB,18,1
1041D0V,19:23:00,21:09:00,578,81,81,LAB,18,11
1041D0V,21:09:00,22:40:00,915,81,81,LAB,18,6
1041D0V,22:40:00,23:30:00,3000,81,81,LAB,18,1
1041D0V,23:30:00,00:20:00,3000,81,81,LAB,18,1
1041D0V,00:20:00,01:10:00,3000,81,81,LAB,18,1
1041D1I,07:05:00,07:25:00,1200,81,81,SAB,18,1
1041D1I,07:25:00,08:20:00,1100,81,81,SAB,18,3
1041D1I,08:20:00,23:00:00,788,81,81,SAB,18,67
1041D1I,23:00:00,03:00:00,1467,81,81,SAB,18,10
1041D1V,06:45:00,07:05:00,1200,81,81,SAB,18,1
1041D1V,07:05:00,08:21:00,1140,81,81,SAB,18,4
1041D1V,08:21:00,20:59:00,812,81,81,SAB,18,56
1041D1V,20:59:00,21:09:00,1140,81,81,SAB,18,1
1041D1V,21:09:00,21:19:00,600,81,81,SAB,18,1
1041D1V,21:19:00,22:03:00,660,81,81,SAB,18,4
1041D1V,22:03:00,23:05:00,1240,81,81,SAB,18,3
1041D1V,23:05:00,02:40:00,1463,81,81,SAB,18,9
993D2I,04:30:00,05:24:00,3240,89,C3,FES,17,1
993D2I,05:24:00,06:48:00,2520,89,C3,FES,17,2
993D2I,06:48:00,08:02:00,1480,89,C3,FES,17,3
993D2I,08:02:00,09:31:00,1068,89,C3,FES,17,5
993D2I,09:31:00,09:42:00,1320,89,C3,FES,17,0
993D2I,09:42:00,09:53:00,660,89,C3,FES,17,1
993D2I,09:53:00,22:35:00,762,89,C3,FES,17,60
993D2I,22:35:00,22:55:00,1200,89,C3,FES,17,1
993D2I,22:55:00,23:40:00,2700,89,C3,FES,17,1
993D2I,23:40:00,00:40:00,3600,89,C3,FES,17,1
993D2I,00:40:00,01:40:00,3600,89,C3,FES,17,1
993D2V,05:00:00,05:55:00,3300,89,C3,FES,22,1
993D2V,05:55:00,07:20:00,2550,89,C3,FES,22,2
993D2V,07:20:00,08:06:00,1380,89,C3,FES,22,2
993D2V,08:06:00,09:47:00,1010,89,C3,FES,22,6
993D2V,09:47:00,09:58:00,1320,89,C3,FES,22,0
993D2V,09:58:00,10:09:00,660,89,C3,FES,22,1
993D2V,10:09:00,20:13:00,771,89,C3,FES,22,47
993D2V,20:13:00,20:26:00,1500,89,C3,FES,22,1
993D2V,20:26:00,20:39:00,780,89,C3,FES,22,1
993D2V,20:39:00,22:25:00,763,89,C3,FES,22,8
993D2V,22:25:00,23:15:00,3000,89,C3,FES,22,1
993D2V,23:15:00,00:15:00,3600,89,C3,FES,22,1
993D2V,00:15:00,01:15:00,3600,89,C3,FES,22,1
993D2V,01:15:00,02:10:00,3300,89,C3,FES,22,1
993D0I,04:30:00,04:55:00,1500,89,C3,LAB,17,1
993D0I,04:55:00,06:05:00,1400,89,C3,LAB,17,3
993D0I,06:05:00,07:51:00,578,89,C3,LAB,17,11
993D0I,07:51:00,22:33:00,404,89,C3,LAB,17,131
993D0I,22:33:00,22:45:00,720,89,C3,LAB,17,1
993D0I,22:45:00,23:40:00,3300,89,C3,LAB,17,1
993D0I,23:40:00,00:40:00,3600,89,C3,LAB,17,1
993D0I,00:40:00,01:40:00,3600,89,C3,LAB,17,1
993D0V,04:30:00,05:00:00,1800,89,C3,LAB,22,1
993D0V,05:00:00,05:40:00,1200,89,C3,LAB,22,2
993D0V,05:40:00,06:29:00,980,89,C3,LAB,22,3
993D0V,06:29:00,06:38:00,1080,89,C3,LAB,22,0
993D0V,06:38:00,06:46:00,240,89,C3,LAB,22,2
993D0V,06:46:00,07:00:00,840,89,C3,LAB,22,1
993D0V,07:00:00,07:07:00,420,89,C3,LAB,22,1
993D0V,07:07:00,07:32:00,500,89,C3,LAB,22,3
993D0V,07:32:00,07:45:00,1140,89,C3,LAB,22,1
993D0V,07:45:00,07:52:00,840,89,C3,LAB,22,0
993D0V,07:52:00,07:59:00,420,89,C3,LAB,22,1
993D0V,07:59:00,08:12:00,780,89,C3,LAB,22,1
993D0V,08:12:00,08:18:00,780,89,C3,LAB,22,0
993D0V,08:18:00,08:24:00,180,89,C3,LAB,22,2
993D0V,08:24:00,08:37:00,780,89,C3,LAB,22,1
993D0V,08:37:00,08:43:00,360,89,C3,LAB,22,1
993D0V,08:43:00,20:12:00,398,89,C3,LAB,22,104
993D0V,20:12:00,20:18:00,360,89,C3,LAB,22,1
993D0V,20:18:00,20:24:00,1140,89,C3,LAB,22,0
993D0V,20:24:00,20:30:00,360,89,C3,LAB,22,1
993D0V,20:30:00,21:58:00,406,89,C3,LAB,22,13
993D0V,21:58:00,22:45:00,705,89,C3,LAB,22,4
993D0V,22:45:00,23:15:00,1800,89,C3,LAB,22,1
993D0V,23:15:00,00:15:00,3600,89,C3,LAB,22,1
993D0V,00:15:00,01:15:00,3600,89,C3,LAB,22,1
993D0V,01:15:00,02:10:00,3300,89,C3,LAB,22,1
993D1I,04:30:00,04:59:00,1740,89,C3,SAB,17,1
993D1I,04:59:00,07:43:00,1640,89,C3,SAB,17,6
993D1I,07:43:00,08:23:00,800,89,C3,SAB,17,3
993D1I,08:23:00,21:19:00,656,89,C3,SAB,17,71
993D1I,21:19:00,21:28:00,1140,89,C3,SAB,17,0
993D1I,21:28:00,21:37:00,540,89,C3,SAB,17,1
993D1I,21:37:00,22:45:00,583,89,C3,SAB,17,7
993D1I,22:45:00,23:10:00,1500,89,C3,SAB,17,1
993D1I,23:10:00,03:30:00,1740,89,C3,SAB,17,9
993D1V,04:30:00,05:00:00,1800,89,C3,SAB,22,1
993D1V,05:00:00,07:16:00,1632,89,C3,SAB,22,5
993D1V,07:16:00,08:39:00,996,89,C3,SAB,22,5
993D1V,08:39:00,08:49:00,1200,89,C3,SAB,22,0
993D1V,08:49:00,08:59:00,600,89,C3,SAB,22,1
993D1V,08:59:00,21:18:00,662,89,C3,SAB,22,67
993D1V,21:18:00,21:27:00,1020,89,C3,SAB,22,1
993D1V,21:27:00,21:36:00,540,89,C3,SAB,22,1
993D1V,21:36:00,22:45:00,690,89,C3,SAB,22,6
993D1V,22:45:00,23:15:00,1800,89,C3,SAB,22,1
993D1V,23:15:00,03:05:00,1731,89,C3,SAB,22,8
185D2I,04:10:00,05:02:00,3120,90,C3,FES,19,1
185D2I,05:02:00,07:16:00,2680,90,C3,FES,19,3
185D2I,07:16:00,07:58:00,1260,90,C3,FES,19,2
185D2I,07:58:00,22:45:00,717,90,C3,FES,19,74
185D2I,22:45:00,23:40:00,3300,90,C3,FES,19,1
185D2I,23:40:00,00:40:00,3600,90,C3,FES,19,1
185D2I,00:40:00,01:40:00,3600,90,C3,FES,19,1
185D2V,04:40:00,05:32:00,3120,90,C3,FES,19,1
185D2V,05:32:00,06:51:00,2370,90,C3,FES,19,2
185D2V,06:51:00,07:33:00,1260,90,C3,FES,19,2
185D2V,07:33:00,10:44:00,819,90,C3,FES,19,14
185D2V,10:44:00,10:55:00,1320,90,C3,FES,19,0
185D2V,10:55:00,11:06:00,660,90,C3,FES,19,1
185D2V,11:06:00,18:05:00,762,90,C3,FES,19,33
185D2V,18:05:00,18:16:00,1320,90,C3,FES,19,0
185D2V,18:16:00,18:28:00,720,90,C3,FES,19,1
185D2V,18:28:00,22:40:00,687,90,C3,FES,19,22
185D2V,22:40:00,23:15:00,2100,90,C3,FES,19,1
185D2V,23:15:00,00:15:00,3600,90,C3,FES,19,1
185D2V,00:15:00,01:15:00,3600,90,C3,FES,19,1
185D2V,01:15:00,02:10:00,3300,90,C3,FES,19,1
185D0I,04:10:00,05:00:00,3000,90,C3,LAB,19,1
185D0I,05:00:00,06:06:00,1980,90,C3,LAB,19,2
185D0I,06:06:00,07:17:00,710,90,C3,LAB,19,6
185D0I,07:17:00,20:56:00,400,90,C3,LAB,19,123
185D0I,20:56:00,22:45:00,594,90,C3,LAB,19,11
185D0I,22:45:00,23:40:00,3300,90,C3,LAB,19,1
185D0I,23:40:00,00:40:00,3600,90,C3,LAB,19,1
185D0I,00:40:00,01:40:00,3600,90,C3,LAB,19,1
185D0V,04:35:00,05:25:00,3000,90,C3,LAB,19,1
185D0V,05:25:00,06:43:00,936,90,C3,LAB,19,5
185D0V,06:43:00,06:53:00,1200,90,C3,LAB,19,0
185D0V,06:53:00,07:01:00,240,90,C3,LAB,19,2
185D0V,07:01:00,07:15:00,840,90,C3,LAB,19,1
185D0V,07:15:00,07:22:00,420,90,C3,LAB,19,1
185D0V,07:22:00,07:35:00,780,90,C3,LAB,19,1
185D0V,07:35:00,07:48:00,1140,90,C3,LAB,19,1
185D0V,07:48:00,07:55:00,780,90,C3,LAB,19,1
185D0V,07:55:00,08:01:00,180,90,C3,LAB,19,2
185D0V,08:01:00,08:14:00,780,90,C3,LAB,19,1
185D0V,08:14:00,08:20:00,360,90,C3,LAB,19,1
185D0V,08:20:00,08:32:00,720,90,C3,LAB,19,1
185D0V,08:32:00,08:39:00,420,90,C3,LAB,19,1
185D0V,08:39:00,08:45:00,1140,90,C3,LAB,19,0
185D0V,08:45:00,08:51:00,360,90,C3,LAB,19,1
185D0V,08:51:00,13:13:00,393,90,C3,LAB,19,40
185D0V,13:13:00,13:19:00,720,90,C3,LAB,19,0
185D0V,13:19:00,13:25:00,360,90,C3,LAB,19,1
185D0V,13:25:00,20:14:00,402,90,C3,LAB,19,61
185D0V,20:14:00,20:22:00,900,90,C3,LAB,19,1
185D0V,20:22:00,20:30:00,480,90,C3,LAB,19,1
185D0V,20:30:00,22:35:00,625,90,C3,LAB,19,12
185D0V,22:35:00,23:15:00,1200,90,C3,LAB,19,2
185D0V,23:15:00,00:15:00,3600,90,C3,LAB,19,1
185D0V,00:15:00,01:15:00,3600,90,C3,LAB,19,1
185D0V,01:15:00,02:10:00,3300,90,C3,LAB,19,1
185D1I,04:10:00,05:02:00,3120,90,C3,SAB,19,1
185D1I,05:02:00,06:23:00,2430,90,C3,SAB,19,2
185D1I,06:23:00,07:08:00,1350,90,C3,SAB,19,2
185D1I,07:08:00,09:05:00,878,90,C3,SAB,19,8
185D1I,09:05:00,09:15:00,1140,90,C3,SAB,19,1
185D1I,09:15:00,09:24:00,540,90,C3,SAB,19,1
185D1I,09:24:00,23:10:00,679,90,C3,SAB,19,73
185D1I,23:10:00,03:30:00,1740,90,C3,SAB,19,9
185D1V,04:40:00,05:32:00,3120,90,C3,SAB,19,1
185D1V,05:32:00,07:12:00,1500,90,C3,SAB,19,4
185D1V,07:12:00,08:06:00,1080,90,C3,SAB,19,3
185D1V,08:06:00,08:18:00,1440,90,C3,SAB,19,0
185D1V,08:18:00,08:30:00,720,90,C3,SAB,19,1
185D1V,08:30:00,08:52:00,1320,90,C3,SAB,19,1
185D1V,08:52:00,09:03:00,1320,90,C3,SAB,19,0
185D1V,09:03:00,09:13:00,600,90,C3,SAB,19,1
185D1V,09:13:00,22:45:00,677,90,C3,SAB,19,72
185D1V,22:45:00,23:15:00,1800,90,C3,SAB,19,1
185D1V,23:15:00,03:05:00,1731,90,C3,SAB,19,8
997D2I,06:55:00,07:34:00,2340,64,64,FES,29,1
997D2I,07:34:00,17:03:00,1138,64,64,FES,29,30
997D2I,17:03:00,17:18:00,1800,64,64,FES,29,0
997D2I,17:18:00,17:34:00,960,64,64,FES,29,1
997D2I,17:34:00,20:08:00,1027,64,64,FES,29,9
997D2I,20:08:00,20:21:00,1560,64,64,FES,29,0
997D2I,20:21:00,20:34:00,780,64,64,FES,29,1
997D2I,20:34:00,22:20:00,789,64,64,FES,29,8
997D2I,22:20:00,23:00:00,2400,64,64,FES,29,1
997D2I,23:00:00,23:40:00,2400,64,64,FES,29,1
997D2I,23:40:00,00:20:00,2400,64,64,FES,29,1
997D2I,00:20:00,01:00:00,2400,64,64,FES,29,1
997D2I,01:00:00,01:40:00,2400,64,64,FES,29,1
997D2V,06:20:00,06:58:00,2280,64,64,FES,31,1
997D2V,06:58:00,07:57:00,1770,64,64,FES,31,2
997D2V,07:57:00,22:20:00,1018,64,64,FES,31,51
997D2V,22:20:00,23:00:00,2400,64,64,FES,31,1
997D2V,23:00:00,23:40:00,2400,64,64,FES,31,1
997D2V,23:40:00,00:20:00,2400,64,64,FES,31,1
997D2V,00:20:00,01:00:00,2400,64,64,FES,31,1
997D2V,01:00:00,01:40:00,2400,64,64,FES,31,1
997D0I,06:40:00,07:00:00,1200,64,64,LAB,29,1
997D0I,07:00:00,07:28:00,840,64,64,LAB,29,2
997D0I,07:28:00,20:06:00,615,64,64,LAB,29,74
997D0I,20:06:00,20:15:00,1080,64,64,LAB,29,0
997D0I,20:15:00,20:24:00,540,64,64,LAB,29,1
997D0I,20:24:00,21:57:00,620,64,64,LAB,29,9
997D0I,21:57:00,23:00:00,840,64,64,LAB,29,4
997D0I,23:00:00,23:40:00,2400,64,64,LAB,29,1
997D0I,23:40:00,00:20:00,2400,64,64,LAB,29,1
997D0I,00:20:00,01:00:00,2400,64,64,LAB,29,1
997D0I,01:00:00,01:40:00,2400,64,64,LAB,29,1
997D0V,06:00:00,06:20:00,1200,64,64,LAB,31,1
997D0V,06:20:00,07:30:00,700,64,64,LAB,31,6
997D0V,07:30:00,07:39:00,1080,64,64,LAB,31,0
997D0V,07:39:00,07:48:00,540,64,64,LAB,31,1
997D0V,07:48:00,08:28:00,600,64,64,LAB,31,4
997D0V,08:28:00,08:36:00,960,64,64,LAB,31,0
997D0V,08:36:00,08:44:00,480,64,64,LAB,31,1
997D0V,08:44:00,09:00:00,960,64,64,LAB,31,1
997D0V,09:00:00,09:08:00,960,64,64,LAB,31,0
997D0V,09:08:00,09:17:00,540,64,64,LAB,31,1
997D0V,09:17:00,19:51:00,634,64,64,LAB,31,60
997D0V,19:51:00,20:00:00,1080,64,64,LAB,31,0
997D0V,20:00:00,20:09:00,540,64,64,LAB,31,1
997D0V,20:09:00,23:00:00,583,64,64,LAB,31,18
997D0V,23:00:00,23:40:00,2400,64,64,LAB,31,1
997D0V,23:40:00,00:20:00,2400,64,64,LAB,31,1
997D0V,00:20:00,01:00:00,2400,64,64,LAB,31,1
997D0V,01:00:00,01:40:00,2400,64,64,LAB,31,1
997D1I,06:50:00,07:10:00,1200,64,64,SAB,29,1
997D1I,07:10:00,17:57:00,947,64,64,SAB,29,41
997D1I,17:57:00,18:10:00,1560,64,64,SAB,29,0
997D1I,18:10:00,18:23:00,780,64,64,SAB,29,1
997D1I,18:23:00,20:55:00,912,64,64,SAB,29,10
997D1I,20:55:00,21:07:00,1500,64,64,SAB,29,0
997D1I,21:07:00,21:19:00,720,64,64,SAB,29,1
997D1I,21:19:00,21:43:00,1440,64,64,SAB,29,1
997D1I,21:43:00,21:55:00,1440,64,64,SAB,29,0
997D1I,21:55:00,22:10:00,900,64,64,SAB,29,1
997D1I,22:10:00,23:00:00,900,64,64,SAB,29,3
997D1I,23:00:00,23:40:00,2400,64,64,SAB,29,1
997D1I,23:40:00,00:20:00,2400,64,64,SAB,29,1
997D1I,00:20:00,01:00:00,2400,64,64,SAB,29,1
997D1I,01:00:00,01:40:00,2400,64,64,SAB,29,1
997D1I,01:40:00,02:20:00,2400,64,64,SAB,29,1
997D1I,02:20:00,03:00:00,2400,64,64,SAB,29,1
997D1V,06:15:00,06:35:00,1200,64,64,SAB,31,1
997D1V,06:35:00,09:11:00,1040,64,64,SAB,31,9
997D1V,09:11:00,09:24:00,1560,64,64,SAB,31,0
997D1V,09:24:00,09:38:00,840,64,64,SAB,31,1
997D1V,09:38:00,23:00:00,885,64,64,SAB,31,54
997D1V,23:00:00,23:40:00,2400,64,64,SAB,31,1
997D1V,23:40:00,00:20:00,2400,64,64,SAB,31,1
997D1V,00:20:00,01:00:00,2400,64,64,SAB,31,1
997D1V,01:00:00,01:40:00,2400,64,64,SAB,31,1
997D1V,01:40:00,02:20:00,2400,64,64,SAB,31,1
997D1V,02:20:00,03:00:00,2400,64,64,SAB,31,1
995D2I,08:25:00,08:41:00,960,67,67,FES,19,1
995D2I,08:41:00,22:45:00,983,67,67,FES,19,52
995D2I,22:45:00,23:40:00,3300,67,67,FES,19,1
995D2I,23:40:00,00:30:00,3000,67,67,FES,19,1
995D2I,00:30:00,01:20:00,3000,67,67,FES,19,1
995D2V,08:00:00,08:17:00,1020,67,67,FES,17,1
995D2V,08:17:00,19:49:00,1065,67,67,FES,17,39
995D2V,19:49:00,20:03:00,1680,67,67,FES,17,0
995D2V,20:03:00,20:17:00,840,67,67,FES,17,1
995D2V,20:17:00,22:15:00,773,67,67,FES,17,9
995D2V,22:15:00,23:10:00,3300,67,67,FES,17,1
995D2V,23:10:00,00:05:00,3300,67,67,FES,17,1
995D2V,00:05:00,00:55:00,3000,67,67,FES,17,1
995D2V,00:55:00,01:45:00,3000,67,67,FES,17,1
995D0I,06:55:00,07:22:00,1620,67,67,LAB,19,1
995D0I,07:22:00,08:06:00,1320,67,67,LAB,19,2
995D0I,08:06:00,22:45:00,822,67,67,LAB,19,64
995D0I,22:45:00,23:40:00,3300,67,67,LAB,19,1
995D0I,23:40:00,00:30:00,3000,67,67,LAB,19,1
995D0I,00:30:00,01:20:00,3000,67,67,LAB,19,1
995D0V,06:30:00,06:55:00,1500,67,67,LAB,17,1
995D0V,06:55:00,07:35:00,1200,67,67,LAB,17,2
995D0V,07:35:00,09:01:00,1032,67,67,LAB,17,5
995D0V,09:01:00,09:13:00,1500,67,67,LAB,17,0
995D0V,09:13:00,09:25:00,720,67,67,LAB,17,1
995D0V,09:25:00,22:15:00,843,67,67,LAB,17,55
995D0V,22:15:00,23:10:00,3300,67,67,LAB,17,1
995D0V,23:10:00,00:05:00,3300,67,67,LAB,17,1
995D0V,00:05:00,00:55:00,3000,67,67,LAB,17,1
995D0V,00:55:00,01:45:00,3000,67,67,LAB,17,1
995D1I,07:20:00,07:50:00,1800,67,67,SAB,19,1
995D1I,07:50:00,22:45:00,829,67,67,SAB,19,65
995D1I,22:45:00,23:40:00,3300,67,67,SAB,19,1
995D1I,23:40:00,00:30:00,3000,67,67,SAB,19,1
995D1I,00:30:00,01:20:00,3000,67,67,SAB,19,1
995D1I,01:20:00,02:10:00,3000,67,67,SAB,19,1
995D1I,02:10:00,03:00:00,3000,67,67,SAB,19,1
995D1V,07:00:00,07:45:00,2700,67,67,SAB,17,1
995D1V,07:45:00,22:20:00,822,67,67,SAB,17,64
995D1V,22:20:00,23:10:00,3000,67,67,SAB,17,1
995D1V,23:10:00,00:05:00,3300,67,67,SAB,17,1
995D1V,00:05:00,00:55:00,3000,67,67,SAB,17,1
995D1V,00:55:00,01:45:00,3000,67,67,SAB,17,1
995D1V,01:45:00,02:35:00,3000,67,67,SAB,17,1
995D1V,02:35:00,03:25:00,3000,67,67,SAB,17,1
873D2I,07:00:00,07:35:00,2100,94,94,FES,22,1
873D2I,07:35:00,08:22:00,1410,94,94,FES,22,2
873D2I,08:22:00,22:20:00,1099,94,94,FES,22,46
873D2V,07:00:00,07:32:00,1920,94,94,FES,24,1
873D2V,07:32:00,08:21:00,1470,94,94,FES,24,2
873D2V,08:21:00,21:50:00,1103,94,94,FES,24,44
873D2V,21:50:00,22:20:00,1800,94,94,FES,24,1
873D0I,06:30:00,06:52:00,1320,94,94,LAB,22,1
873D0I,06:52:00,08:01:00,1035,94,94,LAB,22,4
873D0I,08:01:00,08:12:00,1380,94,94,LAB,22,0
873D0I,08:12:00,08:23:00,330,94,94,LAB,22,2
873D0I,08:23:00,08:46:00,1380,94,94,LAB,22,1
873D0I,08:46:00,08:58:00,720,94,94,LAB,22,1
873D0I,08:58:00,21:26:00,787,94,94,LAB,22,57
873D0I,21:26:00,22:15:00,1260,94,94,LAB,22,2
873D0V,06:30:00,06:48:00,1080,94,94,LAB,24,1
873D0V,06:48:00,22:20:00,793,94,94,LAB,24,71
873D1I,07:00:00,07:33:00,1980,94,94,SAB,22,1
873D1I,07:33:00,21:05:00,955,94,94,SAB,22,51
873D1I,21:05:00,22:20:00,1500,94,94,SAB,22,3
873D1V,07:00:00,07:35:00,2100,94,94,SAB,24,1
873D1V,07:35:00,08:20:00,1350,94,94,SAB,24,2
873D1V,08:20:00,21:45:00,947,94,94,SAB,24,51
873D1V,21:45:00,22:15:00,1800,94,94,SAB,24,1
1032D2I,05:00:00,05:44:00,2640,92,92,FES,39,1
1032D2I,05:44:00,08:42:00,2136,92,92,FES,39,5
1032D2I,08:42:00,09:35:00,1590,92,92,FES,39,2
1032D2I,09:35:00,09:51:00,1920,92,92,FES,39,0
1032D2I,09:51:00,10:08:00,1020,92,92,FES,39,1
1032D2I,10:08:00,22:25:00,1108,92,92,FES,39,40
1032D2V,05:35:00,06:24:00,2940,92,92,FES,36,1
1032D2V,06:24:00,07:33:00,2070,92,92,FES,36,2
1032D2V,07:33:00,22:20:00,1109,92,92,FES,36,48
1032D0I,04:30:00,04:55:00,1500,92,92,LAB,39,1
1032D0I,04:55:00,07:18:00,1073,92,92,LAB,39,8
1032D0I,07:18:00,07:49:00,930,92,92,LAB,39,2
1032D0I,07:49:00,07:59:00,1200,92,92,LAB,39,0
1032D0I,07:59:00,08:08:00,540,92,92,LAB,39,1
1032D0I,08:08:00,08:26:00,1080,92,92,LAB,39,1
1032D0I,08:26:00,08:36:00,1140,92,92,LAB,39,1
1032D0I,08:36:00,08:45:00,540,92,92,LAB,39,1
1032D0I,08:45:00,09:22:00,740,92,92,LAB,39,3
1032D0I,09:22:00,09:31:00,1080,92,92,LAB,39,0
1032D0I,09:31:00,09:40:00,540,92,92,LAB,39,1
1032D0I,09:40:00,21:34:00,621,92,92,LAB,39,69
1032D0I,21:34:00,22:30:00,840,92,92,LAB,39,4
1032D0V,05:05:00,05:35:00,1800,92,92,LAB,36,1
1032D0V,05:35:00,06:15:00,1200,92,92,LAB,36,2
1032D0V,06:15:00,07:43:00,754,92,92,LAB,36,7
1032D0V,07:43:00,08:02:00,1740,92,92,LAB,36,1
1032D0V,08:02:00,08:12:00,1140,92,92,LAB,36,1
1032D0V,08:12:00,08:22:00,600,92,92,LAB,36,1
1032D0V,08:22:00,22:20:00,627,92,92,LAB,36,80
1032D1I,04:30:00,05:15:00,2700,92,92,SAB,39,1
1032D1I,05:15:00,08:03:00,1680,92,92,SAB,39,6
1032D1I,08:03:00,09:02:00,885,92,92,SAB,39,4
1032D1I,09:02:00,09:14:00,1440,92,92,SAB,39,0
1032D1I,09:14:00,09:26:00,720,92,92,SAB,39,1
1032D1I,09:26:00,22:35:00,844,92,92,SAB,39,56
1032D1V,05:05:00,05:55:00,3000,92,92,SAB,36,1
1032D1V,05:55:00,07:46:00,1665,92,92,SAB,36,4
1032D1V,07:46:00,08:55:00,1035,92,92,SAB,36,4
1032D1V,08:55:00,09:05:00,1260,92,92,SAB,36,0
1032D1V,09:05:00,09:16:00,660,92,92,SAB,36,1
1032D1V,09:16:00,22:20:00,849,92,92,SAB,36,55
754D2I,06:00:00,06:35:00,2100,39,99,FES,43,1
754D2I,06:35:00,08:19:00,1560,39,99,FES,43,4
754D2I,08:19:00,11:21:00,993,39,99,FES,43,11
754D2I,11:21:00,11:34:00,1560,39,99,FES,43,0
754D2I,11:34:00,11:47:00,780,39,99,FES,43,1
754D2I,11:47:00,15:05:00,914,39,99,FES,43,13
754D2I,15:05:00,15:17:00,1440,39,99,FES,43,0
754D2I,15:17:00,15:29:00,720,39,99,FES,43,1
754D2I,15:29:00,20:21:00,834,39,99,FES,43,21
754D2I,20:21:00,20:34:00,1500,39,99,FES,43,1
754D2I,20:34:00,20:48:00,840,39,99,FES,43,1
754D2I,20:48:00,21:08:00,1200,39,99,FES,43,1
754D2I,21:08:00,22:30:00,1240,39,99,FES,43,4
754D2I,22:30:00,23:30:00,3600,39,99,FES,43,1
754D2I,23:30:00,00:30:00,3600,39,99,FES,43,1
754D2I,00:30:00,01:30:00,3600,39,99,FES,43,1
754D2V,06:05:00,06:35:00,1800,39,99,FES,43,1
754D2V,06:35:00,08:50:00,1620,39,99,FES,43,5
754D2V,08:50:00,09:33:00,1290,39,99,FES,43,2
754D2V,09:33:00,09:48:00,1740,39,99,FES,43,1
754D2V,09:48:00,10:03:00,900,39,99,FES,43,1
754D2V,10:03:00,20:24:00,847,39,99,FES,43,44
754D2V,20:24:00,20:37:00,1500,39,99,FES,43,1
754D2V,20:37:00,20:50:00,780,39,99,FES,43,1
754D2V,20:50:00,22:30:00,972,39,99,FES,43,6
754D2V,22:30:00,23:30:00,3600,39,99,FES,43,1
754D2V,23:30:00,00:30:00,3600,39,99,FES,43,1
754D2V,00:30:00,01:30:00,3600,39,99,FES,43,1
754D0I,05:30:00,06:05:00,2100,39,99,LAB,43,1
754D0I,06:05:00,07:08:00,756,39,99,LAB,43,5
754D0I,07:08:00,07:22:00,840,39,99,LAB,43,1
754D0I,07:22:00,07:36:00,1260,39,99,LAB,43,1
754D0I,07:36:00,07:50:00,1260,39,99,LAB,43,1
754D0I,07:50:00,08:04:00,1260,39,99,LAB,43,1
754D0I,08:04:00,08:19:00,1320,39,99,LAB,43,1
754D0I,08:19:00,08:26:00,840,39,99,LAB,43,0
754D0I,08:26:00,08:33:00,420,39,99,LAB,43,1
754D0I,08:33:00,08:46:00,780,39,99,LAB,43,1
754D0I,08:46:00,08:52:00,780,39,99,LAB,43,0
754D0I,08:52:00,09:00:00,480,39,99,LAB,43,1
754D0I,09:00:00,12:18:00,540,39,99,LAB,43,22
754D0I,12:18:00,12:26:00,960,39,99,LAB,43,0
754D0I,12:26:00,12:34:00,480,39,99,LAB,43,1
754D0I,12:34:00,18:21:00,534,39,99,LAB,43,39
754D0I,18:21:00,20:22:00,660,39,99,LAB,43,11
754D0I,20:22:00,20:31:00,1080,39,99,LAB,43,0
754D0I,20:31:00,20:40:00,540,39,99,LAB,43,1
754D0I,20:40:00,22:30:00,667,39,99,LAB,43,10
754D0I,22:30:00,23:30:00,3600,39,99,LAB,43,1
754D0I,23:30:00,00:30:00,3600,39,99,LAB,43,1
754D0I,00:30:00,01:30:00,3600,39,99,LAB,43,1
754D0V,06:00:00,06:17:00,1020,39,99,LAB,43,1
754D0V,06:17:00,07:28:00,710,39,99,LAB,43,6
754D0V,07:28:00,07:43:00,1380,39,99,LAB,43,1
754D0V,07:43:00,07:59:00,1380,39,99,LAB,43,1
754D0V,07:59:00,08:14:00,1380,39,99,LAB,43,1
754D0V,08:14:00,08:21:00,840,39,99,LAB,43,0
754D0V,08:21:00,08:28:00,420,39,99,LAB,43,1
754D0V,08:28:00,12:40:00,540,39,99,LAB,43,28
754D0V,12:40:00,12:48:00,480,39,99,LAB,43,1
754D0V,12:48:00,12:56:00,1380,39,99,LAB,43,0
754D0V,12:56:00,13:04:00,480,39,99,LAB,43,1
754D0V,13:04:00,17:05:00,556,39,99,LAB,43,26
754D0V,17:05:00,20:25:00,706,39,99,LAB,43,17
754D0V,20:25:00,20:36:00,1320,39,99,LAB,43,0
754D0V,20:36:00,20:48:00,720,39,99,LAB,43,1
754D0V,20:48:00,22:09:00,810,39,99,LAB,43,6
754D0V,22:09:00,22:30:00,1260,39,99,LAB,43,1
754D0V,22:30:00,23:30:00,3600,39,99,LAB,43,1
754D0V,23:30:00,00:30:00,3600,39,99,LAB,43,1
754D0V,00:30:00,01:30:00,3600,39,99,LAB,43,1
754D1I,06:00:00,06:33:00,1980,39,99,SAB,43,1
754D1I,06:33:00,08:28:00,1725,39,99,SAB,43,4
754D1I,08:28:00,09:45:00,1155,39,99,SAB,43,4
754D1I,09:45:00,10:00:00,1740,39,99,SAB,43,1
754D1I,10:00:00,10:15:00,900,39,99,SAB,43,1
754D1I,10:15:00,14:43:00,946,39,99,SAB,43,17
754D1I,14:43:00,14:55:00,1440,39,99,SAB,43,0
754D1I,14:55:00,15:06:00,660,39,99,SAB,43,1
754D1I,15:06:00,23:30:00,840,39,99,SAB,43,36
754D1I,23:30:00,03:00:00,1800,39,99,SAB,43,7
754D1V,06:00:00,06:33:00,1980,39,99,SAB,43,1
754D1V,06:33:00,08:27:00,1710,39,99,SAB,43,4
754D1V,08:27:00,09:47:00,1200,39,99,SAB,43,4
754D1V,09:47:00,10:01:00,1680,39,99,SAB,43,0
754D1V,10:01:00,10:15:00,840,39,99,SAB,43,1
754D1V,10:15:00,14:29:00,953,39,99,SAB,43,16
754D1V,14:29:00,14:41:00,1440,39,99,SAB,43,0
754D1V,14:41:00,14:54:00,780,39,99,SAB,43,1
754D1V,14:54:00,21:22:00,831,39,99,SAB,43,28
754D1V,21:22:00,21:37:00,1800,39,99,SAB,43,0
754D1V,21:37:00,21:52:00,900,39,99,SAB,43,1
754D1V,21:52:00,23:00:00,1360,39,99,SAB,43,3
754D1V,23:00:00,03:00:00,1800,39,99,SAB,43,8
994D2I,06:40:00,07:28:00,2880,93,93,FES,28,1
994D2I,07:28:00,09:08:00,1500,93,93,FES,28,4
994D2I,09:08:00,19:15:00,934,93,93,FES,28,39
994D2I,19:15:00,19:27:00,1380,93,93,FES,28,1
994D2I,19:27:00,19:39:00,720,93,93,FES,28,1
994D2I,19:39:00,22:20:00,805,93,93,FES,28,12
994D2I,22:20:00,22:40:00,1200,93,93,FES,28,1
994D2I,22:40:00,23:20:00,2400,93,93,FES,28,1
994D2I,23:20:00,00:00:00,2400,93,93,FES,28,1
994D2I,00:00:00,00:40:00,2400,93,93,FES,28,1
994D2I,00:40:00,01:20:00,2400,93,93,FES,28,1
994D2V,06:00:00,06:45:00,2700,93,93,FES,28,1
994D2V,06:45:00,08:24:00,1485,93,93,FES,28,4
994D2V,08:24:00,23:00:00,876,93,93,FES,28,60
994D2V,23:00:00,23:20:00,1200,93,93,FES,28,1
994D2V,23:20:00,00:00:00,2400,93,93,FES,28,1
994D2V,00:00:00,00:40:00,2400,93,93,FES,28,1
994D2V,00:40:00,01:20:00,2400,93,93,FES,28,1
994D0I,06:10:00,06:35:00,1500,93,93,LAB,28,1
994D0I,06:35:00,07:33:00,696,93,93,LAB,28,5
994D0I,07:33:00,15:18:00,382,93,93,LAB,28,73
994D0I,15:18:00,19:01:00,535,93,93,LAB,28,25
994D0I,19:01:00,19:08:00,840,93,93,LAB,28,0
994D0I,19:08:00,19:15:00,420,93,93,LAB,28,1
994D0I,19:15:00,19:43:00,560,93,93,LAB,28,3
994D0I,19:43:00,19:50:00,840,93,93,LAB,28,0
994D0I,19:50:00,19:58:00,480,93,93,LAB,28,1
994D0I,19:58:00,22:40:00,551,93,93,LAB,28,18
994D0I,22:40:00,23:20:00,2400,93,93,LAB,28,1
994D0I,23:20:00,00:00:00,2400,93,93,LAB,28,1
994D0I,00:00:00,00:40:00,2400,93,93,LAB,28,1
994D0I,00:40:00,01:20:00,2400,93,93,LAB,28,1
994D0V,05:30:00,05:55:00,1500,93,93,LAB,28,1
994D0V,05:55:00,06:50:00,660,93,93,LAB,28,5
994D0V,06:50:00,07:32:00,360,93,93,LAB,28,7
994D0V,07:32:00,07:37:00,600,93,93,LAB,28,0
994D0V,07:37:00,07:42:00,300,93,93,LAB,28,1
994D0V,07:42:00,08:00:00,540,93,93,LAB,28,2
994D0V,08:00:00,08:12:00,1080,93,93,LAB,28,1
994D0V,08:12:00,08:24:00,1080,93,93,LAB,28,1
994D0V,08:24:00,08:30:00,720,93,93,LAB,28,0
994D0V,08:30:00,08:36:00,360,93,93,LAB,28,1
994D0V,08:36:00,08:48:00,720,93,93,LAB,28,1
994D0V,08:48:00,08:54:00,720,93,93,LAB,28,0
994D0V,08:54:00,09:00:00,360,93,93,LAB,28,1
994D0V,09:00:00,22:20:00,453,93,93,LAB,28,106
994D0V,22:20:00,22:40:00,1200,93,93,LAB,28,1
994D0V,22:40:00,23:20:00,2400,93,93,LAB,28,1
994D0V,23:20:00,00:00:00,2400,93,93,LAB,28,1
994D0V,00:00:00,00:40:00,2400,93,93,LAB,28,1
994D0V,00:40:00,01:20:00,2400,93,93,LAB,28,1
994D1I,06:05:00,06:50:00,2700,93,93,SAB,28,1
994D1I,06:50:00,08:32:00,1530,93,93,SAB,28,4
994D1I,08:32:00,21:14:00,896,93,93,SAB,28,51
994D1I,21:14:00,21:25:00,1320,93,93,SAB,28,0
994D1I,21:25:00,21:36:00,660,93,93,SAB,28,1
994D1I,21:36:00,22:40:00,768,93,93,SAB,28,5
994D1I,22:40:00,23:10:00,1800,93,93,SAB,28,1
994D1I,23:10:00,03:00:00,1714,93,93,SAB,28,8
994D1V,05:30:00,06:10:00,2400,93,93,SAB,28,1
994D1V,06:10:00,08:18:00,1280,93,93,SAB,28,6
994D1V,08:18:00,09:40:00,984,93,93,SAB,28,5
994D1V,09:40:00,09:53:00,1560,93,93,SAB,28,0
994D1V,09:53:00,10:06:00,780,93,93,SAB,28,1
994D1V,10:06:00,15:53:00,905,93,93,SAB,28,23
994D1V,15:53:00,16:06:00,1560,93,93,SAB,28,0
994D1V,16:06:00,16:20:00,840,93,93,SAB,28,1
994D1V,16:20:00,21:00:00,884,93,93,SAB,28,19
994D1V,21:00:00,21:12:00,1440,93,93,SAB,28,0
994D1V,21:12:00,21:24:00,720,93,93,SAB,28,1
994D1V,21:24:00,22:40:00,912,93,93,SAB,28,5
994D1V,22:40:00,23:55:00,1500,93,93,SAB,28,3
994D1V,23:55:00,03:10:00,1700,93,93,SAB,28,7
